run_id,method,n_bins,vehicles,start_hour,seed,energy_kwh,battery_remaining_mean_kwh,battery_remaining_min_kwh,battery_remaining_total_kwh,oracle_prep_s,runtime_s,makespan_s,served_bins,served_demand_kg,active_vehicles,exact_coverage,capacity_feasible,battery_feasible,return_feasible,feasible,exact_global_factor_graph,rounds,converged,total_demand_kg,target_total_demand_kg,source_csv
aco_n84_k6_h04_s7,aco,84,6,4,7,82.274989765032,166.28750170582802,160.1485992649189,997.725010234968,32.931213499978185,47.09085180005059,3065.1156728842343,84,11700.0,6,True,True,True,True,True,,,,11700.0,11700.0,h04/k06/hourly.csv
ga_n84_k6_h04_s7,ga,84,6,4,7,89.03634953192918,165.16060841134515,159.15367662170112,990.9636504680708,32.931213499978185,24.846641800017096,3148.662241798256,84,11700.0,6,True,True,True,True,True,,,,11700.0,11700.0,h04/k06/hourly.csv
nn_n84_k6_h04_s7,nn,84,6,4,7,103.10504333226298,162.8158261112895,149.74378161469355,976.894956667737,32.931213499978185,0.2600737001048401,3500.7866688524487,84,11700.0,6,True,True,True,True,True,,,,11700.0,11700.0,h04/k06/hourly.csv
proposed_n84_k6_h04_s7,proposed,84,6,4,7,73.49055195497029,167.75157467417162,163.50610455255392,1006.5094480450298,32.931213499978185,6757.445216600085,2795.4682441767404,84,11700.0,6,True,True,True,True,True,False,55.0,True,11700.0,11700.0,h04/k06/hourly.csv
pso_n84_k6_h04_s7,pso,84,6,4,7,97.30297498144712,163.78283750309214,149.74378161469355,982.6970250185528,32.931213499978185,15.263257200014776,3500.7866688524487,84,11700.0,6,True,True,True,True,True,,,,11700.0,11700.0,h04/k06/hourly.csv
aco_n84_k7_h04_s7,aco,84,7,4,7,80.45362992805634,168.50662429599194,163.53959826372008,1179.5463700719436,27.213562700082548,24.258554300060496,3060.4387105854626,84,11700.0,7,True,True,True,True,True,,,,11700.0,11700.0,h04/k07/hourly.csv
ga_n84_k7_h04_s7,ga,84,7,4,7,85.6326799307113,167.7667600098984,160.48556609161176,1174.3673200692888,27.213562700082548,20.08722869993653,2682.412261366038,84,11700.0,7,True,True,True,True,True,,,,11700.0,11700.0,h04/k07/hourly.csv
nn_n84_k7_h04_s7,nn,84,7,4,7,96.42064903025596,166.22562156710632,161.97039920462413,1163.5793509697442,27.213562700082548,0.169012299971655,3076.4476786274704,84,11700.0,7,True,True,True,True,True,,,,11700.0,11700.0,h04/k07/hourly.csv
proposed_n84_k7_h04_s7,proposed,84,7,4,7,73.04222454086185,169.5653964941626,164.49861951035322,1186.9577754591382,27.213562700082548,4155.609061700059,2691.204761782897,84,11700.0,7,True,True,True,True,True,False,64.0,True,11700.0,11700.0,h04/k07/hourly.csv
pso_n84_k7_h04_s7,pso,84,7,4,7,94.31034511191426,166.5270935554408,162.00789064733385,1165.6896548880857,27.213562700082548,11.616672900039704,2974.504736300335,84,11700.0,7,True,True,True,True,True,,,,11700.0,11700.0,h04/k07/hourly.csv
aco_n84_k8_h04_s7,aco,84,8,4,7,80.62554057489766,169.9218074281378,163.86377521831162,1359.3744594251025,14.622454500058666,23.84368639998138,2758.366955690212,84,11700.0,8,True,True,True,True,True,,,,11700.0,11700.0,h04/k08/hourly.csv
ga_n84_k8_h04_s7,ga,84,8,4,7,90.5712036861409,168.67859953923238,156.94028890792913,1349.428796313859,14.622454500058666,17.01261729991529,3146.3718039323694,84,11700.0,8,True,True,True,True,True,,,,11700.0,11700.0,h04/k08/hourly.csv
nn_n84_k8_h04_s7,nn,84,8,4,7,103.6206663124052,167.04741671094934,158.1232757209199,1336.379333687595,14.622454500058666,0.2189145000884309,3642.516338861829,84,11700.0,8,True,True,True,True,True,,,,11700.0,11700.0,h04/k08/hourly.csv
proposed_n84_k8_h04_s7,proposed,84,8,4,7,75.1824759748784,170.6021905031402,164.50003349578955,1364.8175240251217,14.622454500058666,2574.840328499908,2691.204761782897,84,11700.0,8,True,True,True,True,True,False,64.0,False,11700.0,11700.0,h04/k08/hourly.csv
pso_n84_k8_h04_s7,pso,84,8,4,7,98.02241871520322,167.7471976605996,162.97936508582129,1341.9775812847968,14.622454500058666,12.346557200071402,2831.4653866212307,84,11700.0,8,True,True,True,True,True,,,,11700.0,11700.0,h04/k08/hourly.csv
aco_n84_k9_h04_s7,aco,84,9,4,7,80.2874713135617,171.0791698540487,160.0816707832448,1539.7125286864384,14.55012120003812,24.378158700070344,3247.315756663216,84,11700.0,9,True,True,True,True,True,,,,11700.0,11700.0,h04/k09/hourly.csv
ga_n84_k9_h04_s7,ga,84,9,4,7,81.56089605676577,170.9376782159149,161.10993560211924,1538.4391039432342,14.55012120003812,21.43606500001624,3041.581982420823,84,11700.0,9,True,True,True,True,True,,,,11700.0,11700.0,h04/k09/hourly.csv
nn_n84_k9_h04_s7,nn,84,9,4,7,105.6727393309251,168.25858451878608,156.21535946738734,1514.3272606690748,14.55012120003812,0.2564450999489054,3068.476187764144,84,11700.0,9,True,True,True,True,True,,,,11700.0,11700.0,h04/k09/hourly.csv
proposed_n84_k9_h04_s7,proposed,84,9,4,7,78.16244773171778,171.31528358536468,162.94383481886064,1541.8375522682825,14.55012120003812,3301.5606372000184,2852.926856508293,84,11700.0,9,True,True,True,True,True,False,64.0,False,11700.0,11700.0,h04/k09/hourly.csv
pso_n84_k9_h04_s7,pso,84,9,4,7,100.27876447140396,168.85791505873289,157.65816798988047,1519.721235528596,14.55012120003812,12.310033199959436,3003.866433799876,84,11700.0,9,True,True,True,True,True,,,,11700.0,11700.0,h04/k09/hourly.csv
aco_n84_k10_h04_s7,aco,84,10,4,7,82.49199209811152,171.75080079018886,159.9589874969366,1717.5080079018885,14.745866100070998,24.126958400011063,2647.8457589078207,84,11700.0,10,True,True,True,True,True,,,,11700.0,11700.0,h04/k10/hourly.csv
ga_n84_k10_h04_s7,ga,84,10,4,7,89.84409729316225,171.01559027068376,163.78973461606182,1710.1559027068377,14.745866100070998,18.55109880003147,2710.279737431813,84,11700.0,10,True,True,True,True,True,,,,11700.0,11700.0,h04/k10/hourly.csv
nn_n84_k10_h04_s7,nn,84,10,4,7,103.7544070999368,169.62455929000632,159.54545620349245,1696.2455929000632,14.745866100070998,0.2378545999526977,3419.821360620862,84,11700.0,10,True,True,True,True,True,,,,11700.0,11700.0,h04/k10/hourly.csv
proposed_n84_k10_h04_s7,proposed,84,10,4,7,81.20830220248354,171.87916977975163,159.04607012658542,1718.7916977975165,14.745866100070998,3486.5305320998887,3080.1441583747323,84,11700.0,10,True,True,True,True,True,False,63.0,True,11700.0,11700.0,h04/k10/hourly.csv
pso_n84_k10_h04_s7,pso,84,10,4,7,98.30218871607528,170.16978112839246,163.1239854217595,1701.6978112839247,14.745866100070998,12.305101900128648,2644.976133822147,84,11700.0,10,True,True,True,True,True,,,,11700.0,11700.0,h04/k10/hourly.csv
aco_n84_k11_h04_s7,aco,84,11,4,7,81.9811118336767,172.54717165148392,160.86793479879017,1898.0188881663232,14.880781800020486,24.56729539996013,2691.554177016817,84,11700.0,11,True,True,True,True,True,,,,11700.0,11700.0,h04/k11/hourly.csv
ga_n84_k11_h04_s7,ga,84,11,4,7,85.64059111595763,172.21449171673112,162.15702131167856,1894.3594088840423,14.880781800020486,24.58859340008348,3034.722050702043,84,11700.0,11,True,True,True,True,True,,,,11700.0,11700.0,h04/k11/hourly.csv
nn_n84_k11_h04_s7,nn,84,11,4,7,108.19471274744213,170.1641170229598,159.54545620349245,1871.805287252558,14.880781800020486,0.2793163000606,3419.821360620862,84,11700.0,11,True,True,True,True,True,,,,11700.0,11700.0,h04/k11/hourly.csv
proposed_n84_k11_h04_s7,proposed,84,11,4,7,80.52709312819611,172.67935517016397,158.3905966245444,1899.472906871804,14.880781800020486,5524.868858400034,3274.903674147347,84,11700.0,11,True,True,True,True,True,False,64.0,False,11700.0,11700.0,h04/k11/hourly.csv
pso_n84_k11_h04_s7,pso,84,11,4,7,102.01503989423271,170.72590546416066,161.9167333522782,1877.9849601057672,14.880781800020486,13.14773890003562,2660.8745049346226,84,11700.0,11,True,True,True,True,True,,,,11700.0,11700.0,h04/k11/hourly.csv
aco_n84_k12_h04_s7,aco,84,12,4,7,84.44561334316249,172.96286555473645,161.23180520883304,2075.5543866568373,15.086173499934375,23.079528799979016,2544.8615474499866,84,11700.0,12,True,True,True,True,True,,,,11700.0,11700.0,h04/k12/hourly.csv
ga_n84_k12_h04_s7,ga,84,12,4,7,87.68805840699082,172.69266179941744,164.08725634994758,2072.311941593009,15.086173499934375,19.12186990003101,2501.95168523198,84,11700.0,12,True,True,True,True,True,,,,11700.0,11700.0,h04/k12/hourly.csv
nn_n84_k12_h04_s7,nn,84,12,4,7,105.47237545447848,171.21063537879346,162.290458800615,2054.5276245455216,15.086173499934375,0.2927928999997675,2807.1488386405213,84,11700.0,12,True,True,True,True,True,,,,11700.0,11700.0,h04/k12/hourly.csv
proposed_n84_k12_h04_s7,proposed,84,12,4,7,82.62345141061512,173.11471238244874,160.94820138023434,2077.376548589385,15.086173499934375,3019.514787300024,2907.7425990837114,84,11700.0,12,True,True,True,True,True,False,64.0,False,11700.0,11700.0,h04/k12/hourly.csv
pso_n84_k12_h04_s7,pso,84,12,4,7,99.43923054542424,171.71339745454796,160.99245818557702,2060.560769454576,15.086173499934375,14.506656900048256,2737.5038143554534,84,11700.0,12,True,True,True,True,True,,,,11700.0,11700.0,h04/k12/hourly.csv
aco_n84_k13_h04_s7,aco,84,13,4,7,85.56501173657486,173.41807602026347,159.76725599828472,2254.434988263425,14.381356199970469,23.660797300050035,2709.3933941401674,84,11700.0,13,True,True,True,True,True,,,,11700.0,11700.0,h04/k13/hourly.csv
ga_n84_k13_h04_s7,ga,84,13,4,7,85.92715318900358,173.39021898546127,164.4084649905894,2254.0728468109965,14.381356199970469,23.43583139986731,2719.218576869273,84,11700.0,13,True,True,True,True,True,,,,11700.0,11700.0,h04/k13/hourly.csv
nn_n84_k13_h04_s7,nn,84,13,4,7,106.59902338626344,171.80007512413357,162.290458800615,2233.4009766137365,14.381356199970469,0.3129297001287341,2807.1488386405213,84,11700.0,13,True,True,True,True,True,,,,11700.0,11700.0,h04/k13/hourly.csv
proposed_n84_k13_h04_s7,proposed,84,13,4,7,83.14997897412285,173.60384777122133,161.35598983303586,2256.850021025877,14.381356199970469,2913.86305169994,3223.81704568004,84,11700.0,13,True,True,True,True,True,False,64.0,False,11700.0,11700.0,h04/k13/hourly.csv
pso_n84_k13_h04_s7,pso,84,13,4,7,96.21017314306248,172.59921745053364,160.99245818557702,2243.789826856937,14.381356199970469,15.788625900167972,2824.00195249503,84,11700.0,13,True,True,True,True,True,,,,11700.0,11700.0,h04/k13/hourly.csv
aco_n84_k14_h04_s7,aco,84,14,4,7,86.80037661819532,173.79997309870032,164.32440261504982,2433.1996233818045,13.875811799895018,24.048612900078297,2692.723220217049,84,11700.0,14,True,True,True,True,True,,,,11700.0,11700.0,h04/k14/hourly.csv
ga_n84_k14_h04_s7,ga,84,14,4,7,87.43633016308367,173.75454784549402,163.8685720100486,2432.563669836916,13.875811799895018,21.410699399886653,2845.377978847979,84,11700.0,14,True,True,True,True,True,,,,11700.0,11700.0,h04/k14/hourly.csv
nn_n84_k14_h04_s7,nn,84,14,4,7,107.62441103271009,172.31254206909213,162.290458800615,2412.37558896729,13.875811799895018,0.3197341000195592,2807.1488386405213,84,11700.0,14,True,True,True,True,True,,,,11700.0,11700.0,h04/k14/hourly.csv
proposed_n84_k14_h04_s7,proposed,84,14,4,7,81.64555816173345,174.16817441701906,164.72792769679552,2438.3544418382667,13.875811799895018,2274.5955488998443,2691.204761782897,84,11700.0,14,True,True,True,True,True,False,64.0,False,11700.0,11700.0,h04/k14/hourly.csv
pso_n84_k14_h04_s7,pso,84,14,4,7,100.35089966487848,172.83207859536583,161.447710665079,2419.6491003351216,13.875811799895018,14.175435499986634,2775.0648807772263,84,11700.0,14,True,True,True,True,True,,,,11700.0,11700.0,h04/k14/hourly.csv
aco_n84_k6_h11_s7,aco,84,6,11,7,176.61528777176508,150.5641187047058,141.30425765759816,903.3847122282348,26.057738700066693,22.9225587999681,4216.114277049887,84,11700.0,6,True,True,True,True,True,,,,11700.0,11700.0,h11/k06/hourly.csv
ga_n84_k6_h11_s7,ga,84,6,11,7,180.42910007615444,149.92848332064094,130.67174931435122,899.5708999238456,26.057738700066693,12.757424999959769,5163.894986578187,84,11700.0,6,True,True,True,True,True,,,,11700.0,11700.0,h11/k06/hourly.csv
nn_n84_k6_h11_s7,nn,84,6,11,7,195.7575286058029,147.3737452323662,127.8833263368572,884.2424713941971,26.057738700066693,0.156213599955663,5236.728209689418,84,11700.0,6,True,True,True,True,True,,,,11700.0,11700.0,h11/k06/hourly.csv
proposed_n84_k6_h11_s7,proposed,84,6,11,7,150.30643123322838,154.94892812779526,147.31133716479954,929.6935687667716,26.057738700066693,7956.180402799975,3652.532991795634,84,11700.0,6,True,True,True,True,True,False,59.0,False,11700.0,11700.0,h11/k06/hourly.csv
pso_n84_k6_h11_s7,pso,84,6,11,7,192.97047298856623,147.83825450190565,128.77931582003131,887.0295270114339,26.057738700066693,7.789944099960849,5232.660802554429,84,11700.0,6,True,True,True,True,True,,,,11700.0,11700.0,h11/k06/hourly.csv
aco_n84_k7_h11_s7,aco,84,7,11,7,163.24911013522373,156.67869855211092,137.158506807483,1096.7508898647764,13.626360599999316,24.2596935001202,4862.630274319253,84,11700.0,7,True,True,True,True,True,,,,11700.0,11700.0,h11/k07/hourly.csv
ga_n84_k7_h11_s7,ga,84,7,11,7,174.55228815124977,155.06395883553574,148.08042369029084,1085.4477118487505,13.626360599999316,17.278781699948013,2940.597796590191,84,11700.0,7,True,True,True,True,True,,,,11700.0,11700.0,h11/k07/hourly.csv
nn_n84_k7_h11_s7,nn,84,7,11,7,203.01328152914127,150.9981026386941,137.887561929831,1056.9867184708587,13.626360599999316,0.1868942000437528,4179.17919818415,84,11700.0,7,True,True,True,True,True,,,,11700.0,11700.0,h11/k07/hourly.csv
proposed_n84_k7_h11_s7,proposed,84,7,11,7,152.3468398529932,158.23616573528668,147.02392724465005,1107.6531601470067,13.626360599999316,3568.839753899956,3240.149354927676,84,11700.0,7,True,True,True,True,True,False,64.0,False,11700.0,11700.0,h11/k07/hourly.csv
pso_n84_k7_h11_s7,pso,84,7,11,7,187.61613549623405,153.19769492910945,136.3433679484442,1072.383864503766,13.626360599999316,10.288212100043893,4296.732999086138,84,11700.0,7,True,True,True,True,True,,,,11700.0,11700.0,h11/k07/hourly.csv
aco_n84_k8_h11_s7,aco,84,8,11,7,163.15024117979388,159.60621985252575,146.70381698246436,1276.849758820206,13.4102114001289,24.40089250006713,3801.608304945612,84,11700.0,8,True,True,True,True,True,,,,11700.0,11700.0,h11/k08/hourly.csv
ga_n84_k8_h11_s7,ga,84,8,11,7,171.03955123906564,158.6200560951168,150.20617694813976,1268.9604487609345,13.4102114001289,17.5558244001586,3156.7995448718107,84,11700.0,8,True,True,True,True,True,,,,11700.0,11700.0,h11/k08/hourly.csv
nn_n84_k8_h11_s7,nn,84,8,11,7,204.73080495332945,154.40864938083382,137.887561929831,1235.2691950466706,13.4102114001289,0.2063642998691648,4179.17919818415,84,11700.0,8,True,True,True,True,True,,,,11700.0,11700.0,h11/k08/hourly.csv
proposed_n84_k8_h11_s7,proposed,84,8,11,7,153.37495083092102,160.8281311461349,149.10219290136374,1286.625049169079,13.4102114001289,2451.1185838000383,3310.5341165495665,84,11700.0,8,True,True,True,True,True,False,56.0,True,11700.0,11700.0,h11/k08/hourly.csv
pso_n84_k8_h11_s7,pso,84,8,11,7,188.70675822769,156.41165522153875,136.23886386359732,1251.29324177231,13.4102114001289,12.327081199968234,4009.584421692573,84,11700.0,8,True,True,True,True,True,,,,11700.0,11700.0,h11/k08/hourly.csv
aco_n84_k9_h11_s7,aco,84,9,11,7,165.19460864328886,161.64504348407905,141.601829003194,1454.8053913567112,13.846752499928698,24.33701600017957,4085.587332859684,84,11700.0,9,True,True,True,True,True,,,,11700.0,11700.0,h11/k09/hourly.csv
ga_n84_k9_h11_s7,ga,84,9,11,7,176.29444654958758,160.41172816115693,149.10342792801936,1443.7055534504125,13.846752499928698,16.95868489984423,2980.113262350376,84,11700.0,9,True,True,True,True,True,,,,11700.0,11700.0,h11/k09/hourly.csv
nn_n84_k9_h11_s7,nn,84,9,11,7,197.09300414197813,158.100777317558,143.49143050302013,1422.906995858022,13.846752499928698,0.2260831000749021,3474.0990891535707,84,11700.0,9,True,True,True,True,True,,,,11700.0,11700.0,h11/k09/hourly.csv
proposed_n84_k9_h11_s7,proposed,84,9,11,7,161.5543386248085,162.04951793057683,151.47503800222955,1458.4456613751915,13.846752499928698,2992.6009805998765,3164.8274654405727,84,11700.0,9,True,True,True,True,True,False,64.0,False,11700.0,11700.0,h11/k09/hourly.csv
pso_n84_k9_h11_s7,pso,84,9,11,7,186.68381767591416,159.25735359156508,144.4537975440412,1433.3161823240855,13.846752499928698,13.018021499970928,3471.9924413699164,84,11700.0,9,True,True,True,True,True,,,,11700.0,11700.0,h11/k09/hourly.csv
aco_n84_k10_h11_s7,aco,84,10,11,7,167.9286942654579,163.2071305734542,145.5413822693425,1632.0713057345422,13.854414399946108,24.142320399871096,3759.0160416570952,84,11700.0,10,True,True,True,True,True,,,,11700.0,11700.0,h11/k10/hourly.csv
ga_n84_k10_h11_s7,ga,84,10,11,7,179.05918338031944,162.09408166196806,141.72028368874464,1620.9408166196806,13.854414399946108,21.55732910009101,4456.5356055532775,84,11700.0,10,True,True,True,True,True,,,,11700.0,11700.0,h11/k10/hourly.csv
nn_n84_k10_h11_s7,nn,84,10,11,7,207.10325274712528,159.28967472528748,145.78301676843856,1592.8967472528748,13.854414399946108,0.2502225998323411,2888.3030936974333,84,11700.0,10,True,True,True,True,True,,,,11700.0,11700.0,h11/k10/hourly.csv
proposed_n84_k10_h11_s7,proposed,84,10,11,7,158.60739592362938,164.13926040763707,149.69994270643076,1641.3926040763706,13.854414399946108,1794.037584300153,3585.550561597419,84,11700.0,10,True,True,True,True,True,False,64.0,False,11700.0,11700.0,h11/k10/hourly.csv
pso_n84_k10_h11_s7,pso,84,10,11,7,198.5215109166004,160.14784890833997,139.46002163442162,1601.4784890833996,13.854414399946108,11.36527629988268,3737.9629081140047,84,11700.0,10,True,True,True,True,True,,,,11700.0,11700.0,h11/k10/hourly.csv
aco_n84_k11_h11_s7,aco,84,11,11,7,166.85779226332605,164.83110979424308,142.68860418605257,1813.142207736674,13.701984699815512,23.672403400065377,3459.2271319917536,84,11700.0,11,True,True,True,True,True,,,,11700.0,11700.0,h11/k11/hourly.csv
ga_n84_k11_h11_s7,ga,84,11,11,7,184.8704678607529,163.19359383084063,148.04808446316332,1795.1295321392472,13.701984699815512,20.73795799980872,3281.9546844991232,84,11700.0,11,True,True,True,True,True,,,,11700.0,11700.0,h11/k11/hourly.csv
nn_n84_k11_h11_s7,nn,84,11,11,7,206.26526871151933,161.2486119353164,145.78301676843856,1773.7347312884806,13.701984699815512,0.2626885999925434,2888.3030936974333,84,11700.0,11,True,True,True,True,True,,,,11700.0,11700.0,h11/k11/hourly.csv
proposed_n84_k11_h11_s7,proposed,84,11,11,7,165.2007601270518,164.9817490793589,151.33087061123788,1814.799239872948,13.701984699815512,5981.648944000015,3385.6971390982385,84,11700.0,11,True,True,True,True,True,False,64.0,False,11700.0,11700.0,h11/k11/hourly.csv
pso_n84_k11_h11_s7,pso,84,11,11,7,198.6975807101534,161.93658357180422,141.14546377444535,1781.3024192898465,13.701984699815512,11.25042250007391,3519.0471317558467,84,11700.0,11,True,True,True,True,True,,,,11700.0,11700.0,h11/k11/hourly.csv
aco_n84_k12_h11_s7,aco,84,12,11,7,170.96135959375962,165.75322003385335,144.2542008427169,1989.0386404062403,12.83031290001236,23.02138749998994,3925.534995687392,84,11700.0,12,True,True,True,True,True,,,,11700.0,11700.0,h11/k12/hourly.csv
ga_n84_k12_h11_s7,ga,84,12,11,7,177.75732863676467,165.1868892802696,147.3691490955792,1982.242671363236,12.83031290001236,19.87380499998108,3584.33790102387,84,11700.0,12,True,True,True,True,True,,,,11700.0,11700.0,h11/k12/hourly.csv
nn_n84_k12_h11_s7,nn,84,12,11,7,205.77820577686228,162.85181618526147,145.78301676843856,1954.2217942231373,12.83031290001236,0.2897749999538064,2888.3030936974333,84,11700.0,12,True,True,True,True,True,,,,11700.0,11700.0,h11/k12/hourly.csv
proposed_n84_k12_h11_s7,proposed,84,12,11,7,165.23361379647187,166.23053218362733,147.02392724465005,1994.766386203528,12.83031290001236,3221.925184900174,3501.593200727614,84,11700.0,12,True,True,True,True,True,False,64.0,False,11700.0,11700.0,h11/k12/hourly.csv
pso_n84_k12_h11_s7,pso,84,12,11,7,191.3970805179172,164.05024329017357,140.79362701381143,1968.6029194820828,12.83031290001236,13.360263200011104,4147.775417844653,84,11700.0,12,True,True,True,True,True,,,,11700.0,11700.0,h11/k12/hourly.csv
aco_n84_k13_h11_s7,aco,84,13,11,7,174.78310027043636,166.55514613304334,146.70362163325458,2165.2168997295635,12.391251099994406,22.979379400145262,3891.9347474559218,84,11700.0,13,True,True,True,True,True,,,,11700.0,11700.0,h11/k13/hourly.csv
ga_n84_k13_h11_s7,ga,84,13,11,7,191.86502628045383,165.24115182458047,148.1466564912714,2148.134973719546,12.391251099994406,18.0255750999786,3128.7587023204146,84,11700.0,13,True,True,True,True,True,,,,11700.0,11700.0,h11/k13/hourly.csv
nn_n84_k13_h11_s7,nn,84,13,11,7,208.1324434155312,163.98981204495914,145.78301676843856,2131.8675565844687,12.391251099994406,0.2839760000351816,2888.3030936974333,84,11700.0,13,True,True,True,True,True,,,,11700.0,11700.0,h11/k13/hourly.csv
proposed_n84_k13_h11_s7,proposed,84,13,11,7,171.79928044015043,166.78467073537303,145.27551748156543,2168.2007195598494,12.391251099994406,2635.5242594999727,3903.333012511172,84,11700.0,13,True,True,True,True,True,False,62.0,False,11700.0,11700.0,h11/k13/hourly.csv
pso_n84_k13_h11_s7,pso,84,13,11,7,196.53038698382207,164.8822779243214,145.9247696966841,2143.469613016178,12.391251099994406,12.636928900144994,2954.8921872102424,84,11700.0,13,True,True,True,True,True,,,,11700.0,11700.0,h11/k13/hourly.csv
aco_n84_k14_h11_s7,aco,84,14,11,7,181.593376862662,167.02904450980986,142.80232473016466,2338.406623137338,12.329932799795642,23.355334699852392,3853.124116398888,84,11700.0,14,True,True,True,True,True,,,,11700.0,11700.0,h11/k14/hourly.csv
ga_n84_k14_h11_s7,ga,84,14,11,7,185.64035772786573,166.7399744480096,149.23005042622236,2334.3596422721344,12.329932799795642,18.41496980004013,2987.0898810621147,84,11700.0,14,True,True,True,True,True,,,,11700.0,11700.0,h11/k14/hourly.csv
nn_n84_k14_h11_s7,nn,84,14,11,7,211.02472701580453,164.92680521315685,145.78301676843856,2308.975272984196,12.329932799795642,0.3155080999713391,2888.3030936974333,84,11700.0,14,True,True,True,True,True,,,,11700.0,11700.0,h11/k14/hourly.csv
proposed_n84_k14_h11_s7,proposed,84,14,11,7,172.2395821063041,167.69717270669256,147.02392724465005,2347.760417893696,12.329932799795642,2963.34665880003,3413.288644590197,84,11700.0,14,True,True,True,True,True,False,64.0,False,11700.0,11700.0,h11/k14/hourly.csv
pso_n84_k14_h11_s7,pso,84,14,11,7,203.45724842107268,165.46733939849483,145.9247696966841,2316.5427515789274,12.329932799795642,12.473248000023888,2954.8921872102424,84,11700.0,14,True,True,True,True,True,,,,11700.0,11700.0,h11/k14/hourly.csv
aco_n84_k6_h19_s7,aco,84,6,19,7,114.04832919273672,160.9919451345439,154.97945273043732,965.9516708072632,33.24337080004625,67.55437309993431,3416.665959374729,84,11700.0,6,True,True,True,True,True,,,,11700.0,11700.0,h19/k06/hourly.csv
ga_n84_k6_h19_s7,ga,84,6,19,7,118.95888814794009,160.17351864200998,148.077562901291,961.04111185206,33.24337080004625,31.90502239996568,3427.4837633336,84,11700.0,6,True,True,True,True,True,,,,11700.0,11700.0,h19/k06/hourly.csv
nn_n84_k6_h19_s7,nn,84,6,19,7,126.70282727239056,158.88286212126823,143.64750326988795,953.2971727276094,33.24337080004625,0.4273991000372916,3649.776774722783,84,11700.0,6,True,True,True,True,True,,,,11700.0,11700.0,h19/k06/hourly.csv
proposed_n84_k6_h19_s7,proposed,84,6,19,7,97.50349778483094,163.7494170358615,158.6683289938158,982.4965022151692,33.24337080004625,8321.911920199986,2882.9428550113344,84,11700.0,6,True,True,True,True,True,False,64.0,False,11700.0,11700.0,h19/k06/hourly.csv
pso_n84_k6_h19_s7,pso,84,6,19,7,126.13707813299573,158.9771536445007,143.71250133198689,953.8629218670044,33.24337080004625,21.24117789999582,3646.3486762490734,84,11700.0,6,True,True,True,True,True,,,,11700.0,11700.0,h19/k06/hourly.csv
aco_n84_k7_h19_s7,aco,84,7,19,7,107.035993377756,164.7091438031777,159.12388810634948,1152.964006622244,26.230933099985123,23.774124399991702,3261.6062490969643,84,11700.0,7,True,True,True,True,True,,,,11700.0,11700.0,h19/k07/hourly.csv
ga_n84_k7_h19_s7,ga,84,7,19,7,111.15051665370429,164.12135476375653,153.90325239136246,1148.8494833462958,26.230933099985123,19.763921400066465,3416.734062009348,84,11700.0,7,True,True,True,True,True,,,,11700.0,11700.0,h19/k07/hourly.csv
nn_n84_k7_h19_s7,nn,84,7,19,7,128.8947752058369,161.58646068488042,153.96946480590793,1131.105224794163,26.230933099985123,0.1865740000503137,3176.75756245379,84,11700.0,7,True,True,True,True,True,,,,11700.0,11700.0,h19/k07/hourly.csv
proposed_n84_k7_h19_s7,proposed,84,7,19,7,98.66883791164804,165.9044517269074,158.9548903323498,1161.331162088352,26.230933099985123,4518.127695800038,3063.4523906819963,84,11700.0,7,True,True,True,True,True,False,59.0,False,11700.0,11700.0,h19/k07/hourly.csv
pso_n84_k7_h19_s7,pso,84,7,19,7,128.00299204744485,161.71385827893644,154.4244780986796,1131.9970079525551,26.230933099985123,10.333315899944864,3151.652273692323,84,11700.0,7,True,True,True,True,True,,,,11700.0,11700.0,h19/k07/hourly.csv
aco_n84_k8_h19_s7,aco,84,8,19,7,107.75401677382489,166.5307479032719,153.86546302612592,1332.2459832261752,14.129176800022831,24.40987099998165,2634.8765595357395,84,11700.0,8,True,True,True,True,True,,,,11700.0,11700.0,h19/k08/hourly.csv
ga_n84_k8_h19_s7,ga,84,8,19,7,112.83678161487674,165.8954022981404,157.68873152289615,1327.1632183851232,14.129176800022831,17.722051099990495,3311.545209591644,84,11700.0,8,True,True,True,True,True,,,,11700.0,11700.0,h19/k08/hourly.csv
nn_n84_k8_h19_s7,nn,84,8,19,7,129.00710537795223,163.87411182775597,156.79361035237577,1310.9928946220475,14.129176800022831,0.2165913000935688,3243.9336062442267,84,11700.0,8,True,True,True,True,True,,,,11700.0,11700.0,h19/k08/hourly.csv
proposed_n84_k8_h19_s7,proposed,84,8,19,7,103.27360679212298,167.09079915098462,153.50622150142885,1336.726393207877,14.129176800022831,2804.065452800016,3661.077596676608,84,11700.0,8,True,True,True,True,True,False,62.0,False,11700.0,11700.0,h19/k08/hourly.csv
pso_n84_k8_h19_s7,pso,84,8,19,7,127.7890650152636,164.02636687309206,156.99927902276107,1312.2109349847365,14.129176800022831,10.028302699909544,3230.3790598761047,84,11700.0,8,True,True,True,True,True,,,,11700.0,11700.0,h19/k08/hourly.csv
aco_n84_k9_h19_s7,aco,84,9,19,7,108.85784104030914,167.90468432885456,154.7432283364595,1511.142158959691,14.303073199931532,23.673908500000834,3253.315412056265,84,11700.0,9,True,True,True,True,True,,,,11700.0,11700.0,h19/k09/hourly.csv
ga_n84_k9_h19_s7,ga,84,9,19,7,113.07333469744452,167.43629614472837,154.87411403728103,1506.9266653025554,14.303073199931532,20.03891650005244,2872.23369445264,84,11700.0,9,True,True,True,True,True,,,,11700.0,11700.0,h19/k09/hourly.csv
nn_n84_k9_h19_s7,nn,84,9,19,7,137.82545467537997,164.68606059162445,156.79361035237577,1482.17454532462,14.303073199931532,0.2406789999222383,3243.9336062442267,84,11700.0,9,True,True,True,True,True,,,,11700.0,11700.0,h19/k09/hourly.csv
proposed_n84_k9_h19_s7,proposed,84,9,19,7,101.13894784656888,168.762339128159,154.85093328157427,1518.861052153431,14.303073199931532,1512.8723829000955,2802.2935485058074,84,11700.0,9,True,True,True,True,True,False,64.0,False,11700.0,11700.0,h19/k09/hourly.csv
pso_n84_k9_h19_s7,pso,84,9,19,7,133.10515141086407,165.21053873212622,157.719194327313,1486.894848589136,14.303073199931532,12.925065899966285,2953.1803896706847,84,11700.0,9,True,True,True,True,True,,,,11700.0,11700.0,h19/k09/hourly.csv
aco_n84_k10_h19_s7,aco,84,10,19,7,107.9254794501688,169.20745205498312,155.24509253454517,1692.0745205498313,14.297043800004758,24.220638600061648,3499.705423390345,84,11700.0,10,True,True,True,True,True,,,,11700.0,11700.0,h19/k10/hourly.csv
ga_n84_k10_h19_s7,ga,84,10,19,7,121.81612778878532,167.81838722112147,159.4744144209301,1678.1838722112147,14.297043800004758,18.18511989992112,2630.867359953087,84,11700.0,10,True,True,True,True,True,,,,11700.0,11700.0,h19/k10/hourly.csv
nn_n84_k10_h19_s7,nn,84,10,19,7,133.25157379262507,166.67484262073748,156.79361035237577,1666.748426207375,14.297043800004758,0.2490704000229016,3243.9336062442267,84,11700.0,10,True,True,True,True,True,,,,11700.0,11700.0,h19/k10/hourly.csv
proposed_n84_k10_h19_s7,proposed,84,10,19,7,102.89497529922248,169.71050247007776,153.50622150142885,1697.1050247007774,14.297043800004758,1987.4486378000583,3182.865003632006,84,11700.0,10,True,True,True,True,True,False,59.0,True,11700.0,11700.0,h19/k10/hourly.csv
pso_n84_k10_h19_s7,pso,84,10,19,7,129.74184701149977,167.02581529885003,156.99927902276107,1670.2581529885003,14.297043800004758,11.346990499994718,3063.826086329762,84,11700.0,10,True,True,True,True,True,,,,11700.0,11700.0,h19/k10/hourly.csv
aco_n84_k11_h19_s7,aco,84,11,19,7,112.58753828151318,169.76476924713518,148.36575308156972,1867.4124617184868,14.147082799929194,24.67895320011303,3011.049295810315,84,11700.0,11,True,True,True,True,True,,,,11700.0,11700.0,h19/k11/hourly.csv
ga_n84_k11_h19_s7,ga,84,11,19,7,116.94003208334507,169.36908799242318,157.36209991369884,1863.0599679166548,14.147082799929194,20.72483139997348,3030.571235264565,84,11700.0,11,True,True,True,True,True,,,,11700.0,11700.0,h19/k11/hourly.csv
nn_n84_k11_h19_s7,nn,84,11,19,7,133.34599375584546,167.8776369312868,156.79361035237577,1846.6540062441543,14.147082799929194,0.2815222002100199,3243.9336062442267,84,11700.0,11,True,True,True,True,True,,,,11700.0,11700.0,h19/k11/hourly.csv
proposed_n84_k11_h19_s7,proposed,84,11,19,7,106.26237925591448,170.33978370400777,158.92818075197158,1873.7376207440848,14.147082799929194,2030.208819700056,3033.202765373013,84,11700.0,11,True,True,True,True,True,False,54.0,True,11700.0,11700.0,h19/k11/hourly.csv
pso_n84_k11_h19_s7,pso,84,11,19,7,129.24653329628632,168.25031515488303,156.99927902276107,1850.7534667037137,14.147082799929194,12.588971600169316,2922.965538281017,84,11700.0,11,True,True,True,True,True,,,,11700.0,11700.0,h19/k11/hourly.csv
aco_n84_k12_h19_s7,aco,84,12,19,7,114.08643748972796,170.49279687585602,151.50943565712052,2045.913562510272,14.24992879992351,24.667975099990144,3466.529642176538,84,11700.0,12,True,True,True,True,True,,,,11700.0,11700.0,h19/k12/hourly.csv
ga_n84_k12_h19_s7,ga,84,12,19,7,115.1260798259638,170.406160014503,158.13404432607402,2044.873920174036,14.24992879992351,21.02315520006232,2971.2064601867414,84,11700.0,12,True,True,True,True,True,,,,11700.0,11700.0,h19/k12/hourly.csv
nn_n84_k12_h19_s7,nn,84,12,19,7,135.52024470198225,168.7066462748348,156.79361035237577,2024.4797552980176,14.24992879992351,0.3474391000345349,3243.9336062442267,84,11700.0,12,True,True,True,True,True,,,,11700.0,11700.0,h19/k12/hourly.csv
proposed_n84_k12_h19_s7,proposed,84,12,19,7,106.4814209548332,171.1265482537639,151.0689304632052,2053.518579045167,14.24992879992351,2147.67159020016,3092.360590018653,84,11700.0,12,True,True,True,True,True,False,60.0,True,11700.0,11700.0,h19/k12/hourly.csv
pso_n84_k12_h19_s7,pso,84,12,19,7,132.32771527047015,168.97269039412748,156.99927902276107,2027.6722847295296,14.24992879992351,13.37595049990341,3319.0631001482025,84,11700.0,12,True,True,True,True,True,,,,11700.0,11700.0,h19/k12/hourly.csv
aco_n84_k13_h19_s7,aco,84,13,19,7,112.56243187005778,171.34135139461094,162.36669829588627,2227.437568129942,14.545028500026092,25.169349000090733,2696.788963897785,84,11700.0,13,True,True,True,True,True,,,,11700.0,11700.0,h19/k13/hourly.csv
ga_n84_k13_h19_s7,ga,84,13,19,7,122.13218664747843,170.6052164117324,160.5355827652447,2217.8678133525214,14.545028500026092,20.4051515001338,3115.9801683491487,84,11700.0,13,True,True,True,True,True,,,,11700.0,11700.0,h19/k13/hourly.csv
nn_n84_k13_h19_s7,nn,84,13,19,7,137.1075358838224,169.4532664704752,156.79361035237577,2202.892464116177,14.545028500026092,0.3370904999319464,3243.9336062442267,84,11700.0,13,True,True,True,True,True,,,,11700.0,11700.0,h19/k13/hourly.csv
proposed_n84_k13_h19_s7,proposed,84,13,19,7,107.42769650117414,171.73633103837122,153.31263615600653,2232.572303498826,14.545028500026092,3458.575679999776,2903.757748495256,84,11700.0,13,True,True,True,True,True,False,64.0,False,11700.0,11700.0,h19/k13/hourly.csv
pso_n84_k13_h19_s7,pso,84,13,19,7,131.17390940335903,169.90969927666467,156.6569033074683,2208.826090596641,14.545028500026092,15.639532400062308,3209.6160668745383,84,11700.0,13,True,True,True,True,True,,,,11700.0,11700.0,h19/k13/hourly.csv
aco_n84_k14_h19_s7,aco,84,14,19,7,114.24355087716764,171.8397463659166,153.98731549722785,2405.756449122832,14.174143900163472,24.931022699922323,2989.3784924101747,84,11700.0,14,True,True,True,True,True,,,,11700.0,11700.0,h19/k14/hourly.csv
ga_n84_k14_h19_s7,ga,84,14,19,7,123.015099536368,171.21320717597374,158.13219847565324,2396.984900463632,14.174143900163472,23.77542359987273,3380.597762191396,84,11700.0,14,True,True,True,True,True,,,,11700.0,11700.0,h19/k14/hourly.csv
nn_n84_k14_h19_s7,nn,84,14,19,7,139.24174985566833,170.0541607245951,156.79361035237577,2380.758250144332,14.174143900163472,0.3664914001710713,3243.9336062442267,84,11700.0,14,True,True,True,True,True,,,,11700.0,11700.0,h19/k14/hourly.csv
proposed_n84_k14_h19_s7,proposed,84,14,19,7,109.21912913044214,172.19863363353986,156.7977245222237,2410.780870869558,14.174143900163472,1151.5691416999323,2957.9157624406835,84,11700.0,14,True,True,True,True,True,False,64.0,False,11700.0,11700.0,h19/k14/hourly.csv
pso_n84_k14_h19_s7,pso,84,14,19,7,133.42771352815242,170.4694490337034,157.46459352797893,2386.572286471848,14.174143900163472,14.91132860002108,3351.85179877765,84,11700.0,14,True,True,True,True,True,,,,11700.0,11700.0,h19/k14/hourly.csv
