,0,1,2,3,4,5,6,7,8,9,10,11,12,13,14,15,16,17,18,19,20,21,22,23,24,25,26,27,28,29,30,31,32,33,34,35,36,37,38,39,40,41,42,43,44,45,46,47,48,49,50,51,52,53,54,55,56,57,58,59,60,61,62,63,64,65,66,67,68,69,70,71,72,73,74,75,76,77,78,79,80,81,82,83
0,0,770.5240667,189.6803839,166.7595056,424.8635187,854.1754506,1109.350117,185.8384791,847.4549566,1182.121886,1341.475685,1452.241578,1740.903796,1409.13025,1048.986684,688.3551379,869.7742194,1192.228077,1197.141878,1088.592505,1341.264333,1007.811186,2161.302998,1118.479645,2633.569678,2826.311905,1575.44142,1721.180135,1030.086807,1279.721916,841.2769662,2684.937832,1578.466666,1341.255665,2311.517423,1741.296649,2218.337621,1473.960382,1433.435949,1578.849432,2262.173441,3389.598196,2433.979171,2568.86429,3335.017906,1842.819223,3155.729141,3088.553964,3480.599732,2018.337659,2388.806054,2195.984921,2314.043046,1976.4447,2787.898006,3141.804932,4202.801372,2187.626693,3065.265138,3248.906865,2006.081142,4061.403287,4169.288981,3485.635974,2339.235978,2535.867199,3092.062672,3242.606475,2446.893225,2384.400152,2231.709807,2819.569464,2503.252353,2793.571621,2970.791673,3228.570856,3698.084784,3750.547515,3361.568467,3769.450073,3113.787388,3025.381018,4426.120097,4589.026864
1,770.5240667,0,960.2044507,603.7645611,345.660548,728.6552511,962.2093576,883.58353,1617.979023,411.5978188,570.951618,1287.634508,970.3797289,2179.654317,1819.510751,1458.879205,1608.761541,1962.752144,1894.886929,1190.91074,2039.009383,237.2871197,1996.695928,886.9158739,1863.045612,2055.787839,987.042683,1132.781399,1727.831858,2050.245982,1539.022017,2123.774823,2348.990732,2111.779732,2146.910353,2511.820716,2988.861687,2171.705433,2200.196095,2349.373499,2097.566372,2619.074129,2269.372101,3339.388357,2564.493839,1072.295156,2385.205074,2527.390955,2710.075665,2788.861726,3159.330121,2966.508988,3084.567113,2746.968767,3558.422073,2770.425412,3432.277305,2950.982682,2633.135425,2687.743856,2703.826193,3290.879221,3398.764915,3321.028905,3036.981029,3233.612249,3862.586739,4013.130542,3217.417292,3154.924219,3002.233874,3590.093531,3273.77642,3564.095688,3734.147662,3991.926846,4395.829835,4521.071581,4132.092534,4539.97414,3870.909311,3795.905085,5196.644164,5359.550931
2,189.6803839,960.2044507,0,356.4398895,614.5439026,1043.855835,1299.030501,375.518863,657.7745727,1371.802269,1531.156069,1641.921962,1930.58418,1219.449866,859.3062999,498.674754,680.0938355,1002.547693,1386.822262,1278.272889,1530.944717,1197.49157,2350.983382,1308.160029,2823.250062,3015.992289,1765.121804,1910.860519,1219.767191,1090.041532,1030.95735,2874.618216,1388.786282,1151.575281,2501.197806,1551.616265,2028.657237,1663.640766,1243.755565,1389.169048,2451.853825,3579.27858,2623.659555,2379.183906,3524.69829,2032.499606,3345.409525,3278.234347,3670.280115,1828.657275,2199.125671,2006.304537,2124.362662,1786.764316,2598.217622,3331.485316,4392.481756,1997.946309,3254.945522,3438.587249,2021.534081,4251.083671,4358.969365,3675.316358,2460.666252,2603.672445,2902.382288,3052.926091,2257.212841,2194.719769,2042.029424,2629.88908,2313.571969,2603.891237,2781.111289,3038.890473,3765.89003,3560.867131,3171.888083,3579.769689,2924.107005,2835.700634,4236.439713,4399.34648
3,166.7595056,603.7645611,356.4398895,0,258.1040131,985.635737,1240.810403,317.2987655,1014.214462,1015.36238,1174.716179,1583.701864,1574.14429,1575.889756,1215.746189,855.1146435,1036.533725,1358.987583,1328.602164,1220.052791,1472.724619,841.0516808,2292.763284,1172.47408,2466.810173,2659.5524,1408.681914,1554.42063,1161.547093,1446.481421,972.7372526,2727.539384,1745.226171,1508.015171,2442.977709,1908.056155,2385.097126,1605.420668,1600.195454,1745.608937,2393.633727,3222.83869,2565.439457,2735.623795,3168.2584,1676.059717,2988.969635,3131.155516,3313.840226,2185.097165,2555.56556,2362.744427,2480.802552,2143.204205,2954.657512,3273.265218,4036.041867,2354.386199,3196.725424,3291.508417,2137.541429,3894.643782,4002.529476,3617.096261,2470.696265,2667.327485,3258.822177,3409.365981,2613.652731,2551.159658,2398.469313,2986.32897,2670.011858,2960.331127,3137.551178,3395.330362,3829.54507,3917.30702,3528.327972,3936.209579,3280.546894,3192.140524,4592.879603,4755.78637
4,424.8635187,345.660548,614.5439026,258.1040131,0,922.3626732,1155.91678,575.4027786,1272.318475,757.2583668,916.612166,1498.808241,1316.040277,1833.993769,1473.850203,1113.218657,1294.637738,1617.091596,1586.706177,1384.618162,1730.828632,582.9476677,2207.869661,919.5437812,2208.70616,2401.448387,1150.577901,1296.316617,1419.651106,1704.585434,1230.841266,2469.435371,2003.330184,1766.119184,2358.084086,2166.160168,2643.201139,1863.524681,1858.299468,2003.712951,2308.740104,2964.734677,2480.545834,2993.727809,2910.154387,1417.955704,2730.865622,2873.051503,3055.736213,2443.201178,2813.669573,2620.84844,2738.906565,2401.308218,3212.761525,3116.08596,3777.937853,2612.490212,2978.795973,3033.404404,2395.645442,3636.539769,3744.425463,3532.202637,2728.800278,2925.431498,3516.926191,3667.469994,2871.756744,2809.263671,2656.573326,3244.432983,2928.115872,3218.43514,3395.655191,3653.434375,4087.649083,4175.411033,3786.431986,4194.313592,3538.650907,3450.244537,4850.983616,5013.890383
5,854.1754506,728.6552511,1043.855835,985.635737,922.3626732,0,255.174666,725.4635357,1665.168606,1071.137474,1230.491273,598.066127,1629.919384,2226.843899,1866.700333,1461.09858,1519.34834,2009.941726,1687.150279,462.2554892,1831.272734,965.9423708,1307.127547,1463.617999,2522.585266,2641.489066,1601.017097,1746.755813,1520.095208,1988.531213,1272.286627,1830.762382,2396.180315,2099.740005,1457.341972,2559.010298,3057.83931,1963.968783,2110.782894,2337.333772,1407.99799,3042.009059,1579.80372,3408.36598,2987.428769,1800.950407,2737.309198,2234.378513,3133.010594,2823.992891,3206.519704,3001.640153,3131.756695,2747.70222,3627.399696,2287.629481,3855.212235,2743.246033,2211.089687,2394.731414,2496.089543,3713.81415,3713.834632,2631.460524,2829.244379,3025.8756,3897.717904,4048.261707,3205.377565,3069.429043,2916.738698,3625.224696,3188.281244,3604.233931,3526.411012,3784.190196,4188.093185,4556.202746,4120.052807,4527.934413,3798.816279,3731.956717,5184.604437,5347.511204
6,1109.350117,962.2093576,1299.030501,1240.810403,1155.91678,255.174666,0,980.6382017,1920.343272,882.5275421,1039.83123,342.891461,1439.259341,2482.018565,2121.874999,1716.273246,1774.523006,2265.116392,1942.324945,717.4301552,2086.4474,1033.440267,1051.952881,1697.172106,2331.925224,2386.3144,1688.800007,1834.538722,1775.269874,2243.705879,1527.461293,1575.587716,2651.354981,2354.914671,1202.167306,2814.184964,3313.013976,2219.143449,2365.95756,2592.508438,1152.823324,2786.834392,1324.629054,3663.540646,2732.254103,1618.199022,2482.134532,1979.203847,2877.835928,3079.167557,3461.69437,3256.814819,3386.931361,3002.876886,3882.574362,2032.454815,3600.037569,2998.420699,1955.915021,2139.556748,2751.264209,3458.639484,3458.659966,2376.285858,3084.419045,3281.050266,4152.89257,4303.436373,3460.552231,3324.603709,3171.913364,3880.399362,3443.45591,3859.408597,3781.585678,4039.364862,4443.267851,4811.377413,4375.227473,4783.109079,4053.990945,3987.131383,5439.779103,5602.68587
7,185.8384791,883.58353,375.518863,317.2987655,575.4027786,725.4635357,980.6382017,0,957.9718887,1295.181349,1454.535148,1323.529663,1853.963259,1519.647182,1159.503616,735.6350445,793.8848042,1302.745009,1011.303399,919.274996,1155.425853,1120.87065,2032.591083,1304.318124,2746.629141,2939.371369,1722.396525,1868.135241,844.2483278,1263.067677,671.9594576,2556.225917,1688.983598,1374.27647,2182.805508,1843.375262,2350.642593,1288.121903,1385.319358,1611.870236,2133.461526,3502.657659,2305.267256,2701.169263,3448.077369,1955.878686,3268.788604,2959.842049,3593.659195,2098.529355,2499.322987,2276.176617,2424.559978,2022.238684,2920.202979,3013.093017,4315.860835,2067.399152,2936.553223,3120.19495,1820.242663,4174.462751,4282.348444,3356.924059,2153.397499,2350.028719,3172.254368,3322.798172,2479.91403,2343.965508,2191.275163,2899.76116,2462.817708,2878.770395,2850.564132,3108.343316,3512.246305,3830.739211,3394.589271,3802.470878,3073.352744,3006.493181,4459.140902,4622.047668
8,847.4549566,1617.979023,657.7745727,1014.214462,1272.318475,1665.168606,1920.343272,957.9718887,0,2029.576842,2188.930641,2263.234733,2588.358752,561.6752937,201.5317272,982.1194734,1163.538555,344.7731206,1969.275287,1874.694144,2113.397742,1855.266143,2972.296153,1965.934602,3481.024635,3673.766862,2372.08901,2226.350294,1802.220216,1489.710633,1627.378606,3495.930987,731.0117091,1481.920091,3122.510578,893.8416927,1392.670705,2246.093792,1643.424666,1719.513858,3073.166596,4237.053152,3244.972326,1743.197374,4182.472862,2690.274179,4003.184097,3899.547119,4328.054688,1170.882702,1541.351098,1348.529964,1466.588089,1128.989743,1962.23109,3952.798087,5050.256329,2397.615411,3876.258293,4059.90002,2504.9788,4908.858244,5016.743938,4296.629129,2944.110971,3003.341546,2244.607715,2395.151519,2371.166389,2594.38887,2441.698525,1972.114507,2713.241071,1946.116665,3180.78039,3438.559574,4165.559131,2903.092558,3285.841631,3511.582273,3323.776106,3235.369736,3814.965498,3903.268172
9,1182.121886,411.5978188,1371.802269,1015.36238,757.2583668,1071.137474,882.5275421,1295.181349,2029.576842,0,159.3537992,953.6001982,558.7819101,2591.252136,2231.108569,1870.477023,2020.35936,2374.349963,2306.484747,1533.392963,2450.607202,253.0024548,1652.285349,1074.847949,1451.447793,1644.19002,854.9508157,1000.689531,2139.429677,2461.843801,1950.619836,1712.177004,2760.588551,2523.377551,1779.254723,2923.418535,3400.459506,2583.303252,2611.793914,2760.971317,1763.532062,2207.47631,1935.337791,3750.986175,2152.89602,737.7215905,1973.607255,2115.793136,2298.477846,3200.459544,3570.92794,3378.106806,3496.164931,3158.566585,3970.019892,2358.827593,3020.679487,3362.580501,2221.537606,2276.146037,3115.424012,2879.281402,2987.167096,2986.994595,3448.578848,3645.210068,4274.184557,4424.728361,3629.015111,3566.522038,3413.831693,4001.691349,3685.374238,3975.693507,4145.745481,4403.524665,4807.427653,4932.6694,4543.690352,4951.571959,4282.50713,4207.502904,5608.241983,5771.148749
10,1341.475685,570.951618,1531.156069,1174.716179,916.612166,1230.491273,1039.83123,1454.535148,2188.930641,159.3537992,0,1020.001288,399.4281109,2750.605935,2390.462369,2029.830823,2179.713159,2533.703762,2465.838546,1692.746762,2609.961001,412.356254,1533.858616,1234.201748,1292.093994,1484.836221,945.5291165,1091.267832,2298.783476,2621.1976,2109.973635,1552.823205,2919.94235,2682.73135,1619.900924,3082.772334,3559.813305,2742.657051,2771.147713,2920.325117,1829.933152,2048.122511,1995.158145,3910.339974,1993.542221,578.3677913,1814.253456,1956.439337,2139.124047,3359.813344,3730.281739,3537.460606,3655.518731,3317.920384,4129.373691,2199.473794,2861.325687,3521.9343,2062.183807,2116.792238,3274.777811,2719.927603,2827.813297,2881.03738,3607.932647,3804.563867,4433.538356,4584.08216,3788.36891,3725.875837,3573.185492,4161.045149,3844.728038,4135.047306,4305.09928,4562.878464,4966.781452,5092.023199,4703.044152,5110.925758,4441.860929,4366.856703,5767.595782,5930.502549
11,1452.241578,1287.634508,1641.921962,1583.701864,1498.808241,598.066127,342.891461,1323.529663,2263.234733,953.6001982,1020.001288,0,1419.429399,2824.910026,2464.76646,2059.164707,2117.414467,2608.007853,2285.216406,1060.321616,2429.338861,1206.602653,709.06142,2028.448147,2076.286558,2043.422939,1808.551014,1954.28973,2118.161335,2586.59734,1870.352754,1232.696255,2994.246442,2697.806132,859.2758449,3157.076425,3655.905437,2562.03491,2708.849021,2935.399899,809.9318634,2443.942932,981.7375932,4006.432107,2389.362642,1598.369079,2139.243071,1636.312386,2534.944467,3422.059018,3804.585831,3599.70628,3729.822822,3345.768347,4225.465823,1689.563354,3257.146108,3341.31216,1613.02356,1796.665287,3094.15567,3115.748023,3115.768505,2033.394397,3427.310506,3623.941727,4495.784031,4646.327834,3803.443692,3667.49517,3514.804825,4223.290823,3786.347371,4202.300058,4124.477139,4382.256323,4786.159312,5154.268873,4718.118934,5126.00054,4396.882406,4330.022844,5782.670564,5945.577331
12,1740.903796,970.3797289,1930.58418,1574.14429,1316.040277,1629.919384,1439.259341,1853.963259,2588.358752,558.7819101,399.4281109,1419.429399,0,3150.034046,2789.890479,2429.258934,2579.14127,2933.131873,2865.266657,2092.174873,3009.389112,811.784365,1344.902997,1633.629859,892.6658826,1085.40811,932.6099708,1078.348687,2698.211587,3020.625711,2509.401746,1153.395094,3319.370461,3082.159461,1220.472813,3482.200445,3814.778263,3142.085162,3170.575824,3319.753227,1783.55877,1648.6944,1765.951105,4165.304933,1594.11411,407.3924083,1414.825345,1557.011226,1739.695936,3759.241455,4129.70985,3936.888717,4054.946842,3717.348495,4384.338649,1800.045683,2461.897577,3921.362411,1662.755696,1717.364127,3674.205922,2320.499492,2428.385186,2481.609269,4007.360758,4203.991978,4832.966467,4983.510271,4187.797021,4125.303948,3972.613603,4560.47326,4244.156149,4534.475417,4704.527391,4962.306575,5366.209563,5491.45131,5102.472263,5510.353869,4841.28904,4766.284814,6167.023893,6329.93066
13,1409.13025,2179.654317,1219.449866,1575.889756,1833.993769,2226.843899,2482.018565,1519.647182,561.6752937,2591.252136,2750.605935,2824.910026,3150.034046,0,419.0056735,1527.725035,1592.705374,216.9021731,2398.045827,2436.369438,2457.195547,2416.941437,3533.971446,2527.609895,4042.699929,4235.442156,2933.764303,2788.025588,2230.990756,1459.137709,2189.053899,4057.606281,432.3113104,1451.347167,3684.185871,333.734546,1119.829684,2674.864331,1612.851742,1688.940933,3634.84189,4798.728446,3806.64762,1470.356353,4744.148156,3251.949473,4564.859391,4461.222412,4889.729982,609.2074087,1117.519613,786.8546707,1152.097952,567.3144495,1689.39007,4514.473381,5611.931622,2367.042486,4437.933587,4621.575314,2484.608413,5470.533538,5578.419232,4858.304423,2964.099724,2972.768622,1682.932422,1833.476225,2161.062311,2563.815946,2411.125601,1410.439214,2682.668146,1384.441371,3150.207466,3407.98665,4134.986207,2341.417264,3068.427325,2949.906979,3293.203182,3204.796812,3253.290204,3341.592879
14,1048.986684,1819.510751,859.3062999,1215.746189,1473.850203,1866.700333,2121.874999,1159.503616,201.5317272,2231.108569,2390.462369,2464.76646,2789.890479,419.0056735,0,1108.719361,1290.138443,205.3490786,1979.040153,2076.225871,2123.162608,2056.79787,3173.82788,2167.466329,3682.556362,3875.298589,2573.620737,2427.882021,1811.985082,1511.565259,1828.910333,3697.462715,529.4799819,1503.774717,3324.042305,692.3099655,1298.873784,2255.858657,1665.279293,1741.368484,3274.698323,4438.584879,3446.504053,1649.400454,4384.00459,2891.805906,4204.715824,4101.078846,4529.586415,1028.213082,1339.819371,1205.860344,1340.605332,950.1068052,1868.43417,4154.329814,5251.788056,2419.470037,4077.79002,4261.431747,2537.035964,5110.389971,5218.275665,4498.160857,3016.527274,3025.196172,2101.938095,2252.481899,2213.489861,2616.243496,2463.553151,1829.444887,2735.095697,1803.447044,3202.635016,3460.4142,4187.413757,2760.422938,3128.165103,3368.912653,3345.630732,3257.224362,3672.295878,3760.598552
15,688.3551379,1458.879205,498.674754,855.1146435,1113.218657,1461.09858,1716.273246,735.6350445,982.1194734,1870.477023,2029.830823,2059.164707,2429.258934,1527.725035,1108.719361,0,181.4190815,1314.06844,1456.973245,1654.91004,1356.661195,1696.166324,2768.226127,1806.834783,3321.924816,3514.667043,2263.796558,2409.535273,1195.134294,591.3667778,1407.594502,3291.860962,1638.199343,652.9005274,2918.440552,1694.39267,2282.312726,1733.791749,745.0808109,890.4942939,2869.096571,4077.953334,3040.9023,2632.839396,4023.373044,2531.17436,3844.084279,3695.477093,4168.954869,1941.923291,2448.538732,2119.570553,2448.707563,1795.854626,2851.873112,3748.728062,4891.15651,1499.271555,3672.188268,3855.829995,1522.859327,4749.758425,4857.644119,4092.559104,1961.991498,2104.997691,2966.678644,2949.717606,1758.538087,1696.045015,1543.35467,2694.185437,1814.897215,2678.743603,2282.436535,2540.215719,3267.215276,3449.283089,2673.213329,3081.094935,2425.432251,2337.02588,3737.764959,3900.671726
16,869.7742194,1608.761541,680.0938355,1036.533725,1294.637738,1519.34834,1774.523006,793.8848042,1163.538555,2020.35936,2179.713159,2117.414467,2579.14127,1592.705374,1290.138443,181.4190815,0,1495.487521,1335.277789,1713.1598,1191.155334,1846.048661,2826.475887,1988.253865,3471.807152,3664.54938,2445.215639,2590.954355,1013.715212,469.1828733,1465.844262,3350.110721,1819.618425,580.3916655,2976.690312,1754.774606,2463.731808,1612.096293,591.434554,817.9854319,2927.34633,4227.83567,3099.15206,2814.258477,4173.25538,2681.056697,3993.966615,3753.726853,4318.837206,1923.937532,2590.096047,2101.584794,2630.126644,1777.868867,3033.292194,3806.977821,5041.038846,1345.625298,3730.438027,3914.079754,1357.353465,4899.640762,5007.526455,4150.808864,1796.485637,1951.351434,2948.692886,2877.208744,1686.029225,1550.080704,1397.390359,2676.199678,1668.932904,2660.757844,2128.790278,2386.569462,3113.569019,3376.774227,2600.704467,3008.586073,2279.46794,2212.608377,3665.256097,3828.162864
17,1192.228077,1962.752144,1002.547693,1358.987583,1617.091596,2009.941726,2265.116392,1302.745009,344.7731206,2374.349963,2533.703762,2608.007853,2933.131873,216.9021731,205.3490786,1314.06844,1495.487521,0,2184.389232,2219.467264,2328.511687,2200.039264,3317.069273,2310.707722,3825.797755,4018.539983,2716.86213,2571.123415,2017.334161,1676.039882,1972.151726,3840.704108,477.9725713,1668.24934,3467.283698,550.6367191,1247.831434,2461.207736,1829.753915,1905.843107,3417.939717,4581.826273,3589.745446,1598.358103,4527.245983,3035.0473,4347.957218,4244.320239,4672.827809,826.1095818,1288.31196,1003.756844,1289.097921,784.2166226,1817.391819,4297.571208,5395.029449,2583.94466,4221.031414,4404.673141,2701.510586,5253.631365,5361.517058,4641.40225,3181.001897,3189.670795,1899.834595,2050.378398,2377.964484,2780.718119,2628.027774,1627.341387,2899.570319,1601.343544,3367.109639,3624.888823,4351.88838,2558.319437,3285.329498,3166.809152,3510.105355,3421.698985,3470.192378,3558.495052
18,1197.141878,1894.886929,1386.822262,1328.602164,1586.706177,1687.150279,1942.324945,1011.303399,1969.275287,2306.484747,2465.838546,2285.216406,2865.266657,2398.045827,1979.040153,1456.973245,1335.277789,2184.389232,0,1389.471314,144.1224549,2132.174048,2994.277826,2315.621523,3757.93254,3950.674767,2733.699924,2879.438639,385.0404525,1274.134411,485.0057549,3517.91266,2508.520135,1459.269278,3144.492251,2564.713462,3277.913938,276.8185043,1278.09535,1696.863044,3095.148269,4513.961057,3266.953999,3628.440607,4459.380768,2967.182084,4280.092002,3921.528792,4604.962593,2819.867555,3318.859524,2997.514817,3319.645485,2743.576885,3847.474323,3974.77976,5327.164234,1056.095754,3898.239966,4081.881693,808.9392647,5185.766149,5293.651843,4318.610802,1142.094101,1338.725321,3893.592568,3756.086356,2564.906838,1914.351827,1726.972849,3621.09936,1764.675053,3600.108595,1839.260734,2097.039917,2500.942906,4094.123548,3113.469671,3521.351277,2655.922345,2576.8795,4178.021301,4340.928068
19,1088.592505,1190.91074,1278.272889,1220.052791,1384.618162,462.2554892,717.4301552,919.274996,1874.694144,1533.392963,1692.746762,1060.321616,2092.174873,2436.369438,2076.225871,1654.91004,1713.1598,2219.467264,1389.471314,0,1533.593769,1428.19786,1769.383036,1925.873488,2984.840756,3103.744555,2063.272586,2209.011302,1222.416244,2182.342673,974.6076629,2293.017871,2605.705853,2293.551466,1919.597461,2762.650258,3267.364849,1666.289819,2304.594354,2531.145232,1870.25348,3504.264548,2042.059209,3617.891518,3449.684258,2263.205896,3199.564687,2696.634002,3595.266084,3017.804351,3416.045242,3195.451613,3341.282233,2941.51368,3836.925234,2749.884971,4317.467724,2445.567068,2673.345177,2856.986904,2198.410579,4176.06964,4176.090121,3093.716013,2531.565415,2728.196635,4091.529364,4242.073167,3399.189026,3263.240504,3110.550159,3819.036156,3154.146368,3798.045391,3228.732048,3486.511232,3890.41422,4750.014207,4313.864267,4721.745874,3992.62774,3925.768177,5378.415898,5541.322664
20,1341.264333,2039.009383,1530.944717,1472.724619,1730.828632,1831.272734,2086.4474,1155.425853,2113.397742,2450.607202,2609.961001,2429.338861,3009.389112,2457.195547,2123.162608,1356.661195,1191.155334,2328.511687,144.1224549,1533.593769,0,2276.296503,3138.400281,2459.743978,3902.054995,4094.797222,2877.822379,3023.561094,337.1949268,1130.011956,629.1282098,3662.035115,2652.64259,1315.146823,3288.614706,2619.264778,3422.036393,420.9409592,1133.972895,1552.740589,3239.270724,4658.083512,3411.076454,3772.563062,4603.503223,3111.304539,4424.214457,4065.651246,4749.085048,2788.427704,3454.58622,2966.074966,3463.76794,2642.35904,3991.596778,4118.902215,5471.286689,911.9732989,4042.362421,4226.004148,664.8168097,5329.888604,5437.774298,4462.733257,997.9716459,1194.602866,3762.507705,3611.963902,2420.784383,1770.229372,1582.850394,3540.68985,1620.552598,3525.248017,1695.138279,1952.917462,2356.820451,3950.001093,2969.347216,3377.228823,2511.79989,2432.757046,4033.898847,4196.805613
21,1007.811186,237.2871197,1197.49157,841.0516808,582.9476677,965.9423708,1033.440267,1120.87065,1855.266143,253.0024548,412.356254,1206.602653,811.784365,2416.941437,2056.79787,1696.166324,1846.048661,2200.039264,2132.174048,1428.19786,2276.296503,0,1905.287804,821.8454942,1650.363467,1843.105694,806.2033384,951.9420541,1965.118977,2287.533102,1776.309137,1965.179459,2586.277852,2349.066852,2032.257178,2749.107836,3226.148807,2408.992553,2437.483215,2586.660618,2016.534517,2406.391984,2188.340246,3576.675476,2351.811694,835.0080361,2173.423931,2368.795591,2497.39352,3026.148845,3396.617241,3203.796107,3321.854232,2984.255886,3795.709193,2611.830048,3219.595161,3188.269802,2474.540061,2529.148492,2941.113313,3078.197076,3186.983771,3239.99705,3274.268149,3470.899369,4099.873858,4250.417662,3454.704412,3392.211339,3239.520994,3827.38065,3511.063539,3801.382808,3971.434782,4229.213966,4633.116954,4758.358701,4369.379653,4777.26126,4108.196431,4033.192205,5433.931284,5596.83805
22,2161.302998,1996.695928,2350.983382,2292.763284,2207.869661,1307.127547,1051.952881,2032.591083,2972.296153,1652.285349,1533.858616,709.06142,1344.902997,3533.971446,3173.82788,2768.226127,2826.475887,3317.069273,2994.277826,1769.383036,3138.400281,1905.287804,0,2727.133298,1409.217446,1376.353827,2277.512968,2423.251684,2827.222755,3295.65876,2579.414174,523.6348346,3703.307862,3406.867552,150.214425,3866.137845,4364.966857,3271.09633,3417.910441,3644.461319,520.2694439,1734.881512,522.4884757,4715.493527,1680.301222,1599.507415,1430.181651,927.2509659,1825.883047,4131.120438,4513.647251,4308.7677,4438.884242,4054.829767,4934.527243,980.5019344,2548.084688,4050.37358,903.9621404,1087.603867,3803.21709,2406.686603,2406.707085,1451.164282,4136.371926,4333.003147,5204.845451,5355.389254,4512.505112,4376.55659,4223.866245,4932.352243,4495.408791,4911.361478,4833.538559,5091.317743,5495.220732,5863.330293,5427.180354,5835.06196,5105.943826,5039.084264,6491.731984,6654.638751
23,1118.479645,886.9158739,1308.160029,1172.47408,919.5437812,1463.617999,1697.172106,1304.318124,1965.934602,1074.847949,1234.201748,2028.448147,1633.629859,2527.609895,2167.466329,1806.834783,1988.253865,2310.707722,2315.621523,1925.873488,2459.743978,821.8454942,2727.133298,0,2429.66135,2622.403577,712.1475649,695.8752183,2148.566452,2398.201561,1959.756611,2787.024953,2696.946311,2459.735311,2854.102672,2859.776294,2769.796371,2592.440027,2551.915594,2697.329077,2838.380011,3185.689867,3010.18574,3120.32304,3131.109578,1596.641731,2952.721814,3190.641085,3276.691403,3136.817304,3485.395298,3314.464566,3197.428046,3094.924345,3339.356757,3433.675542,3998.893044,3306.106338,3296.385555,3350.993986,3124.560787,3857.494959,3966.281654,4061.842544,3457.715624,3654.346844,4210.542317,4361.086121,3565.37287,3502.879798,3350.189453,3938.049109,3621.731998,3912.051266,4089.271318,4347.050502,4816.564429,4869.02716,4480.048112,4887.929718,4232.267034,4143.860664,5544.599742,5707.506509
24,2633.569678,1863.045612,2823.250062,2466.810173,2208.70616,2522.585266,2331.925224,2746.629141,3481.024635,1451.447793,1292.093994,2076.286558,892.6658826,4042.699929,3682.556362,3321.924816,3471.807152,3825.797755,3757.93254,2984.840756,3902.054995,1650.363467,1409.217446,2429.66135,0,192.7422272,1717.513785,1863.252501,3590.877469,3913.291594,3402.067629,973.7231678,4212.036344,3974.825344,1259.003021,4374.866328,4599.682078,4034.751044,4063.241706,4212.41911,1822.088978,756.0285174,1804.481313,4950.208747,701.4482276,905.1813272,523.060464,995.0967174,847.0300533,4651.907337,5022.375733,4829.554599,4947.612724,4610.014378,5169.242463,1594.097807,1569.231694,4814.028294,1403.332661,1361.70131,4566.871805,1427.833609,1536.620305,2223.033905,4900.026641,5096.657861,5725.63235,5876.176154,5080.462904,5017.969831,4865.279486,5453.139142,5136.822031,5427.141299,5597.193274,5854.972457,6258.875446,6384.117193,5995.138145,6403.019752,5733.954923,5658.950697,7059.689776,7222.596542
25,2826.311905,2055.787839,3015.992289,2659.5524,2401.448387,2641.489066,2386.3144,2939.371369,3673.766862,1644.19002,1484.836221,2043.422939,1085.40811,4235.442156,3875.298589,3514.667043,3664.54938,4018.539983,3950.674767,3103.744555,4094.797222,1843.105694,1376.353827,2622.403577,192.7422272,0,1910.256012,2055.994728,3783.619696,4106.033821,3594.809856,923.820035,4404.778571,4167.567571,1226.139402,4567.608555,4792.424305,4227.493272,4255.983934,4405.161337,1789.225359,563.2862902,1768.281808,5142.950974,508.7060004,1097.923554,330.3182368,802.3544902,654.2878261,4844.649564,5215.11796,5022.296826,5140.354951,4802.756605,5361.98469,1401.355579,1376.489467,5006.770521,1210.590434,1168.959082,4759.614032,1235.091382,1343.878077,2030.291678,5092.768868,5289.400088,5918.374577,6068.918381,5273.205131,5210.712058,5058.021713,5645.881369,5329.564258,5619.883527,5789.935501,6047.714685,6451.617673,6576.85942,6187.880372,6595.761979,5926.69715,5851.692924,7252.432003,7415.338769
26,1575.44142,987.042683,1765.121804,1408.681914,1150.577901,1601.017097,1688.800007,1722.396525,2372.08901,854.9508157,945.5291165,1808.551014,932.6099708,2933.764303,2573.620737,2263.796558,2445.215639,2716.86213,2733.699924,2063.272586,2877.822379,806.2033384,2277.512968,712.1475649,1717.513785,1910.256012,0,145.7387157,2566.644853,2855.163335,2377.835012,2086.005065,3094.535073,2916.697085,2153.082784,3259.165219,2882.168293,3010.518428,3008.877368,3154.290851,2618.482877,2473.542302,2698.561076,3232.694962,2418.962013,884.4941662,2240.574249,2489.621196,2564.543838,3542.971712,3597.76722,3720.618974,3309.799968,3501.078753,3451.728678,2732.655653,3286.745479,3763.068113,2595.365667,2649.974098,3542.639188,3145.347394,3254.13409,3414.219239,3875.794024,4072.425245,4616.696725,4767.240529,4022.334645,3959.841572,3807.151227,4344.203517,4078.693773,4318.205674,4546.233092,4804.012276,5234.64283,5275.181568,4937.009887,5344.891493,4689.228808,4600.822438,6001.561517,6164.468284
27,1721.180135,1132.781399,1910.860519,1554.42063,1296.316617,1746.755813,1834.538722,1868.135241,2226.350294,1000.689531,1091.267832,1954.28973,1078.348687,2788.025588,2427.882021,2409.535273,2590.954355,2571.123415,2879.438639,2209.011302,3023.561094,951.9420541,2423.251684,695.8752183,1863.252501,2055.994728,145.7387157,0,2712.383569,3000.902051,2523.573728,2231.743781,2948.796357,3062.435801,2298.821499,3113.426503,2736.429577,3156.257144,3154.616084,3300.029567,2764.221593,2619.281018,2844.299791,3086.956246,2564.700728,1030.232882,2386.312965,2635.359912,2710.282554,3397.232997,3452.028504,3574.880258,3164.061252,3355.340037,3305.989963,2878.394369,3432.484195,3908.806828,2741.104383,2795.712814,3688.377904,3291.08611,3399.872805,3559.957955,4021.53274,4218.16396,4470.958009,4621.501813,4168.073361,4105.580288,3952.889943,4198.464801,4224.432488,4172.466959,4691.971808,4949.750992,5380.381545,5129.442852,5082.748602,5490.630209,4834.967524,4746.561154,6041.315792,6129.618466
28,1030.086807,1727.831858,1219.767191,1161.547093,1419.651106,1520.095208,1775.269874,844.2483278,1802.220216,2139.429677,2298.783476,2118.161335,2698.211587,2230.990756,1811.985082,1195.134294,1013.715212,2017.334161,385.0404525,1222.416244,337.1949268,1965.118977,2827.222755,2148.566452,3590.877469,3783.619696,2566.644853,2712.383569,0,1070.649434,537.2931975,3350.857589,2341.465064,1210.486153,2977.43718,2397.658391,3110.858867,661.8589568,1163.037834,1448.079919,2928.093198,4346.905987,3099.898928,3461.385536,4292.325697,2800.127014,4113.036932,3754.473721,4437.907523,2652.812485,3151.804453,2830.459747,3152.590415,2537.69837,3680.419253,3807.724689,5160.109163,1248.073156,3731.184895,3914.826622,1000.916666,5018.711078,5126.596772,4151.555732,1334.071503,1530.702723,3657.847035,3507.303231,2316.123713,2106.329228,1918.950251,3436.02918,1956.652455,3420.587346,2031.238135,2289.017319,2692.920308,4006.868715,3230.798954,3638.680561,2847.899746,2768.856902,4295.350585,4458.257352
29,1279.721916,2050.245982,1090.041532,1446.481421,1704.585434,1988.531213,2243.705879,1263.067677,1489.710633,2461.843801,2621.1976,2586.59734,3020.625711,1459.137709,1511.565259,591.3667778,469.1828733,1676.039882,1274.134411,2182.342673,1130.011956,2287.533102,3295.65876,2398.201561,3913.291594,4106.033821,2855.163335,3000.902051,1070.649434,0,1607.942631,3819.293595,1891.44902,317.0889856,3445.873185,1621.206941,2578.967393,1550.952915,153.7140331,554.682752,3396.529204,4669.320111,3568.334933,2929.494063,4614.739822,3122.541138,4435.451056,4222.909726,4760.321647,1790.369867,2456.528382,1968.017129,2572.520514,1644.301202,3148.527779,4276.160695,5482.523288,907.9047773,4199.6209,4383.262628,1084.601421,5341.125203,5449.010897,4619.991737,1504.962015,1513.630913,2764.449868,2613.906064,1422.726545,1104.678237,951.9878918,2542.632013,1223.530437,2527.190179,1691.069757,1948.848941,2675.848498,3113.471547,2297.781004,2705.662611,1834.065473,1745.659103,3362.332635,3525.239401
30,841.2769662,1539.022017,1030.95735,972.7372526,1230.841266,1272.286627,1527.461293,671.9594576,1627.378606,1950.619836,2109.973635,1870.352754,2509.401746,2189.053899,1828.910333,1407.594502,1465.844262,1972.151726,485.0057549,974.6076629,629.1282098,1776.309137,2579.414174,1959.756611,3402.067629,3594.809856,2377.835012,2523.573728,537.2931975,1607.942631,0,3103.049009,2358.390315,1747.77935,2729.628599,2515.334719,3020.04931,761.8242592,1700.331031,1985.373117,2680.284618,4158.096146,2852.090347,3370.575979,4103.515856,2611.317173,3924.227091,3506.66514,4249.097682,2770.488813,3168.729703,2948.136075,3093.966695,2694.198142,3589.609696,3559.916109,4971.299323,1541.101509,3483.376314,3667.018042,1293.94502,4829.901238,4937.786932,3903.747151,1627.099856,1823.731076,3844.213826,3994.757629,2853.41691,2399.357582,2211.978604,3571.720618,2249.680808,3550.729853,2324.266489,2582.045672,2985.948661,4502.698668,3598.475426,4006.357032,3140.9281,3061.885255,4663.027056,4825.933823
31,2684.937832,2123.774823,2874.618216,2727.539384,2469.435371,1830.762382,1575.587716,2556.225917,3495.930987,1712.177004,1552.823205,1232.696255,1153.395094,4057.606281,3697.462715,3291.860962,3350.110721,3840.704108,3517.91266,2293.017871,3662.035115,1965.179459,523.6348346,2787.024953,973.7231678,923.820035,2086.005065,2231.743781,3350.857589,3819.293595,3103.049009,0,4226.942696,3930.502387,373.4204096,4389.77268,4888.601692,3794.731165,3941.545275,4168.096153,930.5080743,1211.246677,844.4617731,5239.128361,1156.666387,1316.260867,906.5468164,403.6161313,1302.248213,4654.755272,5037.282085,4832.402534,4962.519077,4578.464601,5458.162078,646.6505883,2024.449854,4574.008414,509.3606018,563.9690328,4326.851925,1883.051769,1883.07225,1328.214174,4660.006761,4856.637981,5728.480285,5879.024089,5036.139947,4900.191425,4747.50108,5455.987077,5019.043625,5434.996312,5357.173394,5614.952578,6018.855566,6386.965128,5950.815188,6358.696795,5629.578661,5562.719099,7015.366819,7178.273586
32,1578.466666,2348.990732,1388.786282,1745.226171,2003.330184,2396.180315,2651.354981,1688.983598,731.0117091,2760.588551,2919.94235,2994.246442,3319.370461,432.3113104,529.4799819,1638.199343,1819.618425,477.9725713,2508.520135,2605.705853,2652.64259,2586.277852,3703.307862,2696.946311,4212.036344,4404.778571,3094.535073,2948.796357,2341.465064,1891.44902,2358.390315,4226.942696,0,1883.658477,3853.522287,308.386604,778.0130863,2785.338639,2045.163053,2121.252244,3804.178305,4968.064861,3975.984035,1128.539755,4913.484572,3421.285888,4734.195806,4630.558828,5059.066397,956.3869712,810.3393887,1134.034233,811.1253502,924.4441315,1347.573472,4683.809796,5781.268038,2799.353797,4607.270002,4790.911729,2916.919724,5639.869953,5747.755647,5027.640839,3396.411034,3405.079933,1924.397438,2074.941241,2593.373622,2996.127256,2843.436911,1651.90423,3114.979457,1625.051005,3582.518777,3840.29796,4567.297518,2582.88228,3313.533898,3195.013552,3725.514492,3637.108122,3494.755221,3583.057895
33,1341.255665,2111.779732,1151.575281,1508.015171,1766.119184,2099.740005,2354.914671,1374.27647,1481.920091,2523.377551,2682.73135,2697.806132,3082.159461,1451.347167,1503.774717,652.9005274,580.3916655,1668.24934,1459.269278,2293.551466,1315.146823,2349.066852,3406.867552,2459.735311,3974.825344,4167.567571,2916.697085,3062.435801,1210.486153,317.0889856,1747.77935,3930.502387,1883.658477,0,3557.081977,1613.416398,2571.176851,1736.087782,470.8030186,237.5937665,3507.737996,4730.853861,3679.543726,2921.70352,4676.273571,3184.074888,4496.984806,4334.118518,4821.855397,1626.93293,2448.73784,1804.580192,2564.729972,1418.811771,3140.737237,4387.369487,5544.057038,1224.993763,4310.829693,4494.47142,1342.55969,5402.658953,5510.544647,4731.200529,1822.051,1830.719899,2447.360882,2296.817078,1105.63756,1373.902565,1221.21222,2337.541308,1492.754766,2322.099474,2008.158743,2265.937926,2992.937484,2796.382562,2020.312802,2428.194408,2103.289801,2014.883431,3084.864432,3247.771199
34,2311.517423,2146.910353,2501.197806,2442.977709,2358.084086,1457.341972,1202.167306,2182.805508,3122.510578,1779.254723,1619.900924,859.2758449,1220.472813,3684.185871,3324.042305,2918.440552,2976.690312,3467.283698,3144.492251,1919.597461,3288.614706,2032.257178,150.214425,2854.102672,1259.003021,1226.139402,2153.082784,2298.821499,2977.43718,3445.873185,2729.628599,373.4204096,3853.522287,3557.081977,0,4016.35227,4515.181282,3421.310755,3568.124866,3794.675744,563.0859571,1584.667087,545.478292,4865.707952,1530.086797,1475.07723,1279.967226,777.036541,1675.668623,4281.334863,4663.861676,4458.982125,4589.098667,4205.044192,5084.741668,873.7503326,2397.870263,4200.588004,797.2105385,937.3894424,3953.431515,2256.472178,2256.49266,1344.41268,4286.586351,4483.217572,5355.059876,5505.603679,4662.719537,4526.771015,4374.08067,5082.566668,4645.623216,5061.575903,4983.752984,5241.532168,5645.435157,6013.544718,5577.394779,5985.276385,5256.158251,5189.298689,6641.946409,6804.853176
35,1741.296649,2511.820716,1551.616265,1908.056155,2166.160168,2559.010298,2814.184964,1843.375262,893.8416927,2923.418535,3082.772334,3157.076425,3482.200445,333.734546,692.3099655,1694.39267,1754.774606,550.6367191,2564.713462,2762.650258,2619.264778,2749.107836,3866.137845,2859.776294,4374.866328,4567.608555,3259.165219,3113.426503,2397.658391,1621.206941,2515.334719,4389.77268,308.386604,1613.416398,4016.35227,0,968.8414053,2841.531966,1774.920974,1851.010165,3967.008289,5130.894845,4138.814019,1319.368075,5076.314555,3584.115872,4897.02579,4793.388811,5221.896381,648.0003672,835.3214416,825.6476292,951.3135738,616.0575276,1538.401791,4846.63978,5944.098021,2529.111718,4770.099986,4953.741713,2646.677645,5802.699937,5910.585631,5190.470822,3126.168955,3134.837854,1616.010834,1766.554637,2323.131543,2725.885177,2573.194832,1343.517626,2844.737378,1316.664401,3312.276698,3570.055881,4297.055439,2274.495676,3005.147294,2886.626948,3455.272413,3366.866043,3186.368617,3274.671291
36,2218.337621,2988.861687,2028.657237,2385.097126,2643.201139,3057.83931,3313.013976,2350.642593,1392.670705,3400.459506,3559.813305,3655.905437,3814.778263,1119.829684,1298.873784,2282.312726,2463.731808,1247.831434,3277.913938,3267.364849,3422.036393,3226.148807,4364.966857,2769.796371,4599.682078,4792.424305,2882.168293,2736.429577,3110.858867,2578.967393,3020.04931,4888.601692,778.0130863,2571.176851,4515.181282,968.8414053,0,3554.732442,2732.681426,2808.770618,4465.837301,5355.710595,4637.643031,350.5266692,5301.130305,3766.662459,5122.742542,5292.217823,5446.712131,1616.841773,715.5989272,1794.489034,427.6316752,1584.898933,569.5603856,5345.468792,6168.913772,3486.872171,5268.928998,5452.570725,3604.438097,6027.515687,6136.302382,5689.299834,4083.929408,4092.598306,2584.852239,2735.396042,3280.891995,3683.64563,3530.955285,2312.359031,3802.49783,2285.505806,4270.03715,4527.816334,5254.815891,3243.337082,3973.988699,3855.468353,4413.032866,4324.626496,4155.210022,4243.512696
37,1473.960382,2171.705433,1663.640766,1605.420668,1863.524681,1963.968783,2219.143449,1288.121903,2246.093792,2583.303252,2742.657051,2562.03491,3142.085162,2674.864331,2255.858657,1733.791749,1612.096293,2461.207736,276.8185043,1666.289819,420.9409592,2408.992553,3271.09633,2592.440027,4034.751044,4227.493272,3010.518428,3156.257144,661.8589568,1550.952915,761.8242592,3794.731165,2785.338639,1736.087782,3421.310755,2841.531966,3554.732442,0,1554.913854,1973.681549,3371.966773,4790.779562,3543.772503,3905.259111,4736.199272,3244.000589,4556.910507,4198.347296,4881.781098,3096.68606,3595.678028,3274.333322,3596.46399,3020.395389,4124.292828,4251.598264,5603.982738,1332.914258,4175.05847,4358.700197,1085.757769,5462.584654,5570.470347,4595.429307,1418.912605,1615.543825,4170.411073,4032.904861,2841.725342,2191.170331,2003.791353,3897.917865,2041.493558,3876.9271,2116.079238,2373.858422,2777.76141,4370.942053,3390.288175,3798.169782,2932.740849,2853.698005,4454.839806,4617.746572
38,1433.435949,2200.196095,1243.755565,1600.195454,1858.299468,2110.782894,2365.95756,1385.319358,1643.424666,2611.793914,2771.147713,2708.849021,3170.575824,1612.851742,1665.279293,745.0808109,591.434554,1829.753915,1278.09535,2304.594354,1133.972895,2437.483215,3417.910441,2551.915594,4063.241706,4255.983934,3008.877368,3154.616084,1163.037834,153.7140331,1700.331031,3941.545275,2045.163053,470.8030186,3568.124866,1774.920974,2732.681426,1554.913854,0,708.3967851,3518.780884,4819.270224,3690.586614,3083.208096,4764.689934,3272.491251,4585.401169,4345.161407,4910.27176,1944.0839,2610.242415,2121.731162,2726.234547,1798.015235,3302.241812,4398.412375,5632.4734,754.1907442,4321.872581,4505.514308,939.9551751,5491.075316,5598.961009,4742.243418,1351.247982,1359.91688,2918.163901,2767.620097,1576.440579,1033.009359,880.3190136,2696.346046,1151.861559,2680.904212,1537.355724,1795.134908,2522.134465,3212.78108,2232.127203,2640.008809,1762.396595,1695.537032,3296.678833,3459.5856
39,1578.849432,2349.373499,1389.169048,1745.608937,2003.712951,2337.333772,2592.508438,1611.870236,1719.513858,2760.971317,2920.325117,2935.399899,3319.753227,1688.940933,1741.368484,890.4942939,817.9854319,1905.843107,1696.863044,2531.145232,1552.740589,2586.660618,3644.461319,2697.329077,4212.41911,4405.161337,3154.290851,3300.029567,1448.079919,554.682752,1985.373117,4168.096153,2121.252244,237.5937665,3794.675744,1851.010165,2808.770618,1973.681549,708.3967851,0,3745.331762,4968.447627,3917.137492,3159.297287,4913.867338,3421.668654,4734.578572,4571.712285,5059.449163,1833.305215,2686.331606,2010.952477,2802.323739,1625.184056,3378.331003,4624.963253,5781.650804,1462.587529,4548.423459,4732.065186,1580.153456,5640.252719,5748.138413,4968.794295,2059.644767,2068.313665,2209.767116,2059.223312,868.0437935,1558.262035,1405.57169,2246.870344,1677.114235,2244.672223,2245.752509,2503.531693,3230.53125,2558.788795,1782.719035,2190.600642,2287.649271,2199.2429,2847.270666,3010.177432
40,2262.173441,2097.566372,2451.853825,2393.633727,2308.740104,1407.99799,1152.823324,2133.461526,3073.166596,1763.532062,1829.933152,809.9318634,1783.55877,3634.84189,3274.698323,2869.096571,2927.34633,3417.939717,3095.148269,1870.25348,3239.270724,2016.534517,520.2694439,2838.380011,1822.088978,1789.225359,2618.482877,2764.221593,2928.093198,3396.529204,2680.284618,930.5080743,3804.178305,3507.737996,563.0859571,3967.008289,4465.837301,3371.966773,3518.780884,3745.331762,0,1992.066947,171.8057297,4816.36397,1937.486657,2038.163187,1687.367086,1184.436401,2083.068483,4231.990881,4614.517694,4409.638143,4539.754686,4155.70021,5035.397687,1018.391055,2805.270123,4151.244023,996.7943594,1213.775654,3904.087534,2663.872039,2632.225661,1223.462533,4237.24237,4433.87359,5305.715894,5456.259698,4613.375556,4477.427034,4324.736689,5033.222686,4596.279234,5012.231921,4934.409003,5192.188186,5596.091175,5964.200737,5528.050797,5935.932404,5206.81427,5139.954708,6592.602428,6755.509194
41,3389.598196,2619.074129,3579.27858,3222.83869,2964.734677,3042.009059,2786.834392,3502.657659,4237.053152,2207.47631,2048.122511,2443.942932,1648.6944,4798.728446,4438.584879,4077.953334,4227.83567,4581.826273,4513.961057,3504.264548,4658.083512,2406.391984,1734.881512,3185.689867,756.0285174,563.2862902,2473.542302,2619.281018,4346.905987,4669.320111,4158.096146,1211.246677,4968.064861,4730.853861,1584.667087,5130.894845,5355.710595,4790.779562,4819.270224,4968.447627,1992.066947,0,1857.294854,5706.237264,244.9324322,1661.209845,304.6998605,807.6305456,352.4800509,5407.935855,5778.40425,5585.583117,5703.641242,5366.042895,5925.270981,1406.631635,813.2031766,5570.056811,1215.866489,1174.235138,5322.900322,868.4011187,1073.787695,2035.567733,5656.055158,5852.686378,6481.660867,6632.204671,5836.491421,5773.998348,5621.308003,6209.16766,5892.850548,6183.169817,6353.221791,6611.000975,7014.903963,7140.14571,6751.166663,7159.048269,6489.98344,6414.979214,7815.718293,7978.62506
42,2433.979171,2269.372101,2623.659555,2565.439457,2480.545834,1579.80372,1324.629054,2305.267256,3244.972326,1935.337791,1995.158145,981.7375932,1765.951105,3806.64762,3446.504053,3040.9023,3099.15206,3589.745446,3266.953999,2042.059209,3411.076454,2188.340246,522.4884757,3010.18574,1804.481313,1768.281808,2698.561076,2844.299791,3099.898928,3568.334933,2852.090347,844.4617731,3975.984035,3679.543726,545.478292,4138.814019,4637.643031,3543.772503,3690.586614,3917.137492,171.8057297,1857.294854,0,4988.1697,1802.714565,2020.555522,1552.594994,1049.664309,1948.29639,4403.796611,4786.323424,4581.443873,4711.560415,4327.50594,5207.203416,846.5853255,2670.498031,4323.049753,824.9886297,1060.002253,4075.893263,2529.099946,2490.247852,1051.656804,4409.0481,4605.67932,5477.521624,5628.065427,4785.181285,4649.232764,4496.542419,5205.028416,4768.084964,5184.037651,5106.214732,5363.993916,5767.896905,6136.006467,5699.856527,6107.738133,5378.62,5311.760437,6764.408157,6927.314924
43,2568.86429,3339.388357,2379.183906,2735.623795,2993.727809,3408.36598,3663.540646,2701.169263,1743.197374,3750.986175,3910.339974,4006.432107,4165.304933,1470.356353,1649.400454,2632.839396,2814.258477,1598.358103,3628.440607,3617.891518,3772.563062,3576.675476,4715.493527,3120.32304,4950.208747,5142.950974,3232.694962,3086.956246,3461.385536,2929.494063,3370.575979,5239.128361,1128.539755,2921.70352,4865.707952,1319.368075,350.5266692,3905.259111,3083.208096,3159.297287,4816.36397,5706.237264,4988.1697,0,5651.656974,4117.189128,5473.269211,5642.744492,5797.2388,1967.368442,992.5144398,2145.015704,704.5471878,1935.425602,219.0337164,5695.995461,6519.440441,3837.39884,5619.455667,5803.097394,3954.964767,6378.042356,6486.829051,6039.826503,4434.456077,4443.124976,2935.378908,3085.922712,3631.418665,4034.172299,3881.481954,2662.8857,4153.0245,2636.032475,4620.56382,4878.343003,5605.342561,3593.863751,4324.515368,4205.995022,4763.559535,4675.153165,4505.736691,4594.039365
44,3335.017906,2564.493839,3524.69829,3168.2584,2910.154387,2987.428769,2732.254103,3448.077369,4182.472862,2152.89602,1993.542221,2389.362642,1594.11411,4744.148156,4384.00459,4023.373044,4173.25538,4527.245983,4459.380768,3449.684258,4603.503223,2351.811694,1680.301222,3131.109578,701.4482276,508.7060004,2418.962013,2564.700728,4292.325697,4614.739822,4103.515856,1156.666387,4913.484572,4676.273571,1530.086797,5076.314555,5301.130305,4736.199272,4764.689934,4913.867338,1937.486657,244.9324322,1802.714565,5651.656974,0,1606.629555,250.1195708,753.0502559,145.5818257,5353.355565,5723.82396,5531.002827,5649.060952,5311.462606,5870.690691,1352.051345,906.5346756,5515.476522,1161.286199,1119.654848,5268.320032,726.3853816,866.8894702,1844.568947,5601.474868,5798.106089,6427.080578,6577.624381,5781.911131,5719.418058,5566.727713,6154.58737,5838.270259,6128.589527,6298.641501,6556.420685,6960.323674,7085.56542,6696.586373,7104.467979,6435.40315,6360.398924,7761.138003,7924.04477
45,1842.819223,1072.295156,2032.499606,1676.059717,1417.955704,1800.950407,1618.199022,1955.878686,2690.274179,737.7215905,578.3677913,1598.369079,407.3924083,3251.949473,2891.805906,2531.17436,2681.056697,3035.0473,2967.182084,2263.205896,3111.304539,835.0080361,1599.507415,1596.641731,905.1813272,1097.923554,884.4941662,1030.232882,2800.127014,3122.541138,2611.317173,1316.260867,3421.285888,3184.074888,1475.07723,3584.115872,3766.662459,3244.000589,3272.491251,3421.668654,2038.163187,1661.209845,2020.555522,4117.189128,1606.629555,0,1428.241791,1719.876999,1752.211381,3861.156882,4231.625277,4038.804143,4156.862268,3819.263922,4336.222845,1962.911456,2474.413021,4023.277838,1825.621469,1880.2299,3776.121349,2333.014936,2441.801632,2644.475042,4109.276185,4305.907405,4934.881894,5085.425698,4289.712448,4227.219375,4074.52903,4662.388686,4346.071575,4636.390844,4806.442818,5064.222002,5468.12499,5593.366737,5204.387689,5612.269296,4943.204467,4868.200241,6268.93932,6431.846086
46,3155.729141,2385.205074,3345.409525,2988.969635,2730.865622,2737.309198,2482.134532,3268.788604,4003.184097,1973.607255,1814.253456,2139.243071,1414.825345,4564.859391,4204.715824,3844.084279,3993.966615,4347.957218,4280.092002,3199.564687,4424.214457,2173.423931,1430.181651,2952.721814,523.060464,330.3182368,2240.574249,2386.312965,4113.036932,4435.451056,3924.227091,906.5468164,4734.195806,4496.984806,1279.967226,4897.02579,5122.742542,4556.910507,4585.401169,4734.578572,1687.367086,304.6998605,1552.594994,5473.269211,250.1195708,1428.241791,0,502.9306851,395.7013965,5174.0668,5544.535195,5351.714062,5469.772187,5132.17384,5692.302927,1101.931774,1117.903037,5336.187756,911.1666286,869.5352772,5089.031267,976.5049524,1013.559841,1730.867872,5422.186103,5618.817323,6247.791812,6398.335616,5602.622366,5540.129293,5387.438948,5975.298605,5658.981494,5949.300762,6119.352736,6377.13192,6781.034908,6906.276655,6517.297608,6925.179214,6256.114385,6181.110159,7581.849238,7744.756005
47,3088.553964,2527.390955,3278.234347,3131.155516,2873.051503,2234.378513,1979.203847,2959.842049,3899.547119,2115.793136,1956.439337,1636.312386,1557.011226,4461.222412,4101.078846,3695.477093,3753.726853,4244.320239,3921.528792,2696.634002,4065.651246,2368.795591,927.2509659,3190.641085,995.0967174,802.3544902,2489.621196,2635.359912,3754.473721,4222.909726,3506.66514,403.6161313,4630.558828,4334.118518,777.036541,4793.388811,5292.217823,4198.347296,4345.161407,4571.712285,1184.436401,807.6305456,1049.664309,5642.744492,753.0502559,1719.876999,502.9306851,0,898.6320816,5058.371404,5440.898216,5236.018666,5366.135208,4982.080733,5861.778209,599.0010891,1620.833722,4977.624545,408.2359435,366.6045921,4730.468056,1479.435637,1479.456119,1227.937187,5063.622892,5260.254112,6132.096417,6282.64022,5439.756078,5303.807556,5151.117211,5859.603209,5422.659757,5838.612444,5760.789525,6018.568709,6422.471698,6790.581259,6354.43132,6762.312926,6033.194792,5966.33523,7418.98295,7581.889717
48,3480.599732,2710.075665,3670.280115,3313.840226,3055.736213,3133.010594,2877.835928,3593.659195,4328.054688,2298.477846,2139.124047,2534.944467,1739.695936,4889.729982,4529.586415,4168.954869,4318.837206,4672.827809,4604.962593,3595.266084,4749.085048,2497.39352,1825.883047,3276.691403,847.0300533,654.2878261,2564.543838,2710.282554,4437.907523,4760.321647,4249.097682,1302.248213,5059.066397,4821.855397,1675.668623,5221.896381,5446.712131,4881.781098,4910.27176,5059.449163,2083.068483,352.4800509,1948.29639,5797.2388,145.5818257,1752.211381,395.7013965,898.6320816,0,5498.937391,5869.405786,5676.584653,5794.642778,5457.044431,6016.272517,1497.633171,760.9528499,5661.058347,1306.868025,1265.236674,5413.901858,580.8035559,721.3076445,1827.928843,5747.056694,5943.687914,6572.662403,6723.206207,5927.492957,5864.999884,5712.309539,6300.169196,5983.852084,6274.171353,6444.223327,6702.002511,7105.905499,7231.147246,6842.168198,7250.049805,6580.984976,6505.98075,7906.719829,8069.626596
49,2018.337659,2788.861726,1828.657275,2185.097165,2443.201178,2823.992891,3079.167557,2098.529355,1170.882702,3200.459544,3359.813344,3422.059018,3759.241455,609.2074087,1028.213082,1941.923291,1923.937532,826.1095818,2819.867555,3017.804351,2788.427704,3026.148845,4131.120438,3136.817304,4651.907337,4844.649564,3542.971712,3397.232997,2652.812485,1790.369867,2770.488813,4654.755272,956.3869712,1626.93293,4281.334863,648.0003672,1616.841773,3096.68606,1944.0839,1833.305215,4231.990881,5407.935855,4403.796611,1967.368442,5353.355565,3861.156882,5174.0668,5058.371404,5498.937391,0,1267.846999,177.647262,1587.24263,208.1211591,2186.402158,5111.622372,6221.139031,2698.274644,5035.082578,5218.724305,2815.840571,6079.740946,6187.62664,5455.453415,3295.331882,3304.00078,1073.725013,1224.268816,2279.169058,2895.048104,2742.357759,801.231805,3013.900304,780.2410399,3481.439624,3739.218808,4466.218365,1732.209856,2459.219916,2340.699571,3624.43534,3536.02897,2644.082796,2732.38547
50,2388.806054,3159.330121,2199.125671,2555.56556,2813.669573,3206.519704,3461.69437,2499.322987,1541.351098,3570.92794,3730.281739,3804.585831,4129.70985,1117.519613,1339.819371,2448.538732,2590.096047,1288.31196,3318.859524,3416.045242,3454.58622,3396.617241,4513.647251,3485.395298,5022.375733,5215.11796,3597.76722,3452.028504,3151.804453,2456.528382,3168.729703,5037.282085,810.3393887,2448.73784,4663.861676,835.3214416,715.5989272,3595.678028,2610.242415,2686.331606,4614.517694,5778.40425,4786.323424,992.5144398,5723.82396,4231.625277,5544.535195,5440.898216,5869.405786,1267.846999,0,1445.494261,410.5232911,1235.90416,1211.548156,5494.149185,6591.607427,3364.433159,5417.609391,5601.251118,3481.999086,6450.209342,6558.095036,5837.980227,3961.490397,3970.159295,2223.246998,2373.790802,3158.452984,3561.206619,3408.516274,1950.75379,3680.058819,1923.900565,4147.598139,4405.377323,5132.37688,2881.731841,3612.383458,3493.863112,4290.593855,4202.187485,3793.604781,3881.907455
51,2195.984921,2966.508988,2006.304537,2362.744427,2620.84844,3001.640153,3256.814819,2276.176617,1348.529964,3378.106806,3537.460606,3599.70628,3936.888717,786.8546707,1205.860344,2119.570553,2101.584794,1003.756844,2997.514817,3195.451613,2966.074966,3203.796107,4308.7677,3314.464566,4829.554599,5022.296826,3720.618974,3574.880258,2830.459747,1968.017129,2948.136075,4832.402534,1134.034233,1804.580192,4458.982125,825.6476292,1794.489034,3274.333322,2121.731162,2010.952477,4409.638143,5585.583117,4581.443873,2145.015704,5531.002827,4038.804143,5351.714062,5236.018666,5676.584653,177.647262,1445.494261,0,1764.889892,385.7684211,2364.04942,5289.269634,6398.786293,2875.921906,5212.72984,5396.371567,2993.487833,6257.388208,6365.273902,5633.100677,3472.979144,3481.648042,896.0777508,1046.621554,2124.356999,3072.695366,2920.005021,623.584543,3191.547566,602.5937779,3659.086886,3916.86607,4643.865627,1554.562594,2281.572654,2163.052309,3802.082602,3651.511253,2466.435534,2554.738208
52,2314.043046,3084.567113,2124.362662,2480.802552,2738.906565,3131.756695,3386.931361,2424.559978,1466.588089,3496.164931,3655.518731,3729.822822,4054.946842,1152.097952,1340.605332,2448.707563,2630.126644,1289.097921,3319.645485,3341.282233,3463.76794,3321.854232,4438.884242,3197.428046,4947.612724,5140.354951,3309.799968,3164.061252,3152.590415,2572.520514,3093.966695,4962.519077,811.1253502,2564.729972,4589.098667,951.3135738,427.6316752,3596.46399,2726.234547,2802.323739,4539.754686,5703.641242,4711.560415,704.5471878,5649.060952,4156.862268,5469.772187,5366.135208,5794.642778,1587.24263,410.5232911,1764.889892,0,1555.29979,923.5809042,5419.386177,6516.844418,3480.425292,5342.846382,5526.48811,3597.991219,6375.446333,6483.332027,5763.217219,4077.482529,4086.151427,2542.642628,2693.186432,3274.445116,3677.198751,3524.508406,2270.149421,3796.050952,2243.296196,4263.590271,4521.369455,5248.369012,3201.127471,3931.779088,3813.258743,4406.585987,4318.179617,4113.000411,4201.303086
53,1976.4447,2746.968767,1786.764316,2143.204205,2401.308218,2747.70222,3002.876886,2022.238684,1128.989743,3158.566585,3317.920384,3345.768347,3717.348495,567.3144495,950.1068052,1795.854626,1777.868867,784.2166226,2743.576885,2941.51368,2642.35904,2984.255886,4054.829767,3094.924345,4610.014378,4802.756605,3501.078753,3355.340037,2537.69837,1644.301202,2694.198142,4578.464601,924.4441315,1418.811771,4205.044192,616.0575276,1584.898933,3020.395389,1798.015235,1625.184056,4155.70021,5366.042895,4327.50594,1935.425602,5311.462606,3819.263922,5132.17384,4982.080733,5457.044431,208.1211591,1235.90416,385.7684211,1555.29979,0,2154.459319,5035.331701,6179.246072,2552.205979,4958.791907,5142.433634,2669.771906,6037.847987,6145.733681,5379.162744,3149.263217,3157.932115,1210.546013,1361.089816,2071.047898,2748.979439,2596.289094,938.052805,2867.831639,922.6109711,3335.370959,3593.150143,4320.1497,1869.030856,2596.040916,2477.520571,3478.366675,3389.960305,2780.903796,2869.20647
54,2787.898006,3558.422073,2598.217622,2954.657512,3212.761525,3627.399696,3882.574362,2920.202979,1962.23109,3970.019892,4129.373691,4225.465823,4384.338649,1689.39007,1868.43417,2851.873112,3033.292194,1817.391819,3847.474323,3836.925234,3991.596778,3795.709193,4934.527243,3339.356757,5169.242463,5361.98469,3451.728678,3305.989963,3680.419253,3148.527779,3589.609696,5458.162078,1347.573472,3140.737237,5084.741668,1538.401791,569.5603856,4124.292828,3302.241812,3378.331003,5035.397687,5925.270981,5207.203416,219.0337164,5870.690691,4336.222845,5692.302927,5861.778209,6016.272517,2186.402158,1211.548156,2364.04942,923.5809042,2154.459319,0,5915.029177,6738.474157,4056.432556,5838.489383,6022.13111,4173.998483,6597.076073,6705.862768,6258.86022,4653.489794,4662.158692,3154.412625,3304.956428,3850.452381,4253.206016,4100.515671,2881.919417,4372.058216,2855.066192,4839.597536,5097.37672,5824.376277,3812.897467,4543.549085,4425.028739,4982.593252,4894.186882,4724.770407,4813.073082
55,3141.804932,2770.425412,3331.485316,3273.265218,3116.08596,2287.629481,2032.454815,3013.093017,3952.798087,2358.827593,2199.473794,1689.563354,1800.045683,4514.473381,4154.329814,3748.728062,3806.977821,4297.571208,3974.77976,2749.884971,4118.902215,2611.830048,980.5019344,3433.675542,1594.097807,1401.355579,2732.655653,2878.394369,3807.724689,4276.160695,3559.916109,646.6505883,4683.809796,4387.369487,873.7503326,4846.63978,5345.468792,4251.598264,4398.412375,4624.963253,1018.391055,1406.631635,846.5853255,5695.995461,1352.051345,1962.911456,1101.931774,599.0010891,1497.633171,5111.622372,5494.149185,5289.269634,5419.386177,5035.331701,5915.029177,0,2076.634919,5030.875514,274.3864051,285.0438771,4783.719025,1868.293805,1763.976631,681.563586,5116.873861,5313.505081,6185.347385,6335.891189,5493.007047,5357.058525,5204.36818,5912.854177,5475.910725,5891.863412,5814.040494,6071.819677,6475.722666,6843.832228,6407.682288,6815.563895,6086.445761,6019.586199,7472.233919,7635.140685
56,4202.801372,3432.277305,4392.481756,4036.041867,3777.937853,3855.212235,3600.037569,4315.860835,5050.256329,3020.679487,2861.325687,3257.146108,2461.897577,5611.931622,5251.788056,4891.15651,5041.038846,5395.029449,5327.164234,4317.467724,5471.286689,3219.595161,2548.084688,3998.893044,1569.231694,1376.489467,3286.745479,3432.484195,5160.109163,5482.523288,4971.299323,2024.449854,5781.268038,5544.057038,2397.870263,5944.098021,6168.913772,5603.982738,5632.4734,5781.650804,2805.270123,813.2031766,2670.498031,6519.440441,906.5346756,2474.413021,1117.903037,1620.833722,760.9528499,6221.139031,6591.607427,6398.786293,6516.844418,6179.246072,6738.474157,2076.634919,0,6383.259988,2029.069666,1791.591042,6136.103499,394.3620041,861.7710967,2342.205628,6469.258335,6665.889555,7294.864044,7445.407848,6649.694597,6587.201525,6434.51118,7022.370836,6706.053725,6996.372993,7166.424968,7424.204151,7828.10714,7953.348887,7564.369839,7972.251446,7303.186617,7228.182391,8628.921469,8791.828236
57,2187.626693,2950.982682,1997.946309,2354.386199,2612.490212,2743.246033,2998.420699,2067.399152,2397.615411,3362.580501,3521.9343,3341.31216,3921.362411,2367.042486,2419.470037,1499.271555,1345.625298,2583.94466,1056.095754,2445.567068,911.9732989,3188.269802,4050.37358,3306.106338,4814.028294,5006.770521,3763.068113,3908.806828,1248.073156,907.9047773,1541.101509,4574.008414,2799.353797,1224.993763,4200.588004,2529.111718,3486.872171,1332.914258,754.1907442,1462.587529,4151.244023,5570.056811,4323.049753,3837.39884,5515.476522,4023.277838,5336.187756,4977.624545,5661.058347,2698.274644,3364.433159,2875.921906,3480.425292,2552.205979,4056.432556,5030.875514,6383.259988,0,4954.33572,5137.977447,247.1564892,6241.861903,6349.747597,5374.706556,650.9846024,605.7261358,3321.201632,3170.657829,2330.631323,917.9222572,730.5432795,3450.53679,708.5792995,3435.094956,783.1649798,1040.944164,1767.943721,3097.693979,2117.040101,2524.921708,1659.492775,1580.449931,3181.591732,3344.498499
58,3065.265138,2633.135425,3254.945522,3196.725424,2978.795973,2211.089687,1955.915021,2936.553223,3876.258293,2221.537606,2062.183807,1613.02356,1662.755696,4437.933587,4077.79002,3672.188268,3730.438027,4221.031414,3898.239966,2673.345177,4042.362421,2474.540061,903.9621404,3296.385555,1403.332661,1210.590434,2595.365667,2741.104383,3731.184895,4199.6209,3483.376314,509.3606018,4607.270002,4310.829693,797.2105385,4770.099986,5268.928998,4175.05847,4321.872581,4548.423459,996.7943594,1215.866489,824.9886297,5619.455667,1161.286199,1825.621469,911.1666286,408.2359435,1306.868025,5035.082578,5417.609391,5212.72984,5342.846382,4958.791907,5838.489383,274.3864051,2029.069666,4954.33572,0,281.5215737,4707.179231,1864.771502,1760.454327,955.9499911,5040.334067,5236.965287,6108.807591,6259.351395,5416.467253,5280.518731,5127.828386,5836.314383,5399.370931,5815.323618,5737.5007,5995.279883,6399.182872,6767.292434,6331.142494,6739.024101,6009.905967,5943.046404,7395.694125,7558.600891
59,3248.906865,2687.743856,3438.587249,3291.508417,3033.404404,2394.731414,2139.556748,3120.19495,4059.90002,2276.146037,2116.792238,1796.665287,1717.364127,4621.575314,4261.431747,3855.829995,3914.079754,4404.673141,4081.881693,2856.986904,4226.004148,2529.148492,1087.603867,3350.993986,1361.70131,1168.959082,2649.974098,2795.712814,3914.826622,4383.262628,3667.018042,563.9690328,4790.911729,4494.47142,937.3894424,4953.741713,5452.570725,4358.700197,4505.514308,4732.065186,1213.775654,1174.235138,1060.002253,5803.097394,1119.654848,1880.2299,869.5352772,366.6045921,1265.236674,5218.724305,5601.251118,5396.371567,5526.48811,5142.433634,6022.13111,285.0438771,1791.591042,5137.977447,281.5215737,0,4890.820958,1583.249928,1478.932753,875.3728944,5223.975794,5420.607014,6292.449318,6442.993122,5600.10898,5464.160458,5311.470113,6019.95611,5583.012658,5998.965345,5921.142427,6178.92161,6582.824599,6950.934161,6514.784221,6922.665828,6193.547694,6126.688132,7579.335852,7742.242618
60,2006.081142,2703.826193,2021.534081,2137.541429,2395.645442,2496.089543,2751.264209,1820.242663,2504.9788,3115.424012,3274.777811,3094.15567,3674.205922,2484.608413,2537.035964,1522.859327,1357.353465,2701.510586,808.9392647,2198.410579,664.8168097,2941.113313,3803.21709,3124.560787,4566.871805,4759.614032,3542.639188,3688.377904,1000.916666,1084.601421,1293.94502,4326.851925,2916.919724,1342.55969,3953.431515,2646.677645,3604.438097,1085.757769,939.9551751,1580.153456,3904.087534,5322.900322,4075.893263,3954.964767,5268.320032,3776.121349,5089.031267,4730.468056,5413.901858,2815.840571,3481.999086,2993.487833,3597.991219,2669.771906,4173.998483,4783.719025,6136.103499,247.1564892,4707.179231,4890.820958,0,5994.705414,6102.591108,5127.550067,651.8903877,745.8306719,3568.358121,3417.814318,2448.19725,1165.078746,977.6997687,3568.102717,955.7357887,3552.660883,1030.321469,1288.100653,1908.048257,3344.850468,2364.196591,2772.078197,1906.649264,1827.60642,3428.748221,3591.654988
61,4061.403287,3290.879221,4251.083671,3894.643782,3636.539769,3713.81415,3458.639484,4174.462751,4908.858244,2879.281402,2719.927603,3115.748023,2320.499492,5470.533538,5110.389971,4749.758425,4899.640762,5253.631365,5185.766149,4176.06964,5329.888604,3078.197076,2406.686603,3857.494959,1427.833609,1235.091382,3145.347394,3291.08611,5018.711078,5341.125203,4829.901238,1883.051769,5639.869953,5402.658953,2256.472178,5802.699937,6027.515687,5462.584654,5491.075316,5640.252719,2663.872039,868.4011187,2529.099946,6378.042356,726.3853816,2333.014936,976.5049524,1479.435637,580.8035559,6079.740946,6450.209342,6257.388208,6375.446333,6037.847987,6597.076073,1868.293805,394.3620041,6241.861903,1864.771502,1583.249928,5994.705414,0,467.4090926,2133.864515,6327.86025,6524.49147,7153.465959,7304.009763,6508.296513,6445.80344,6293.113095,6880.972751,6564.65564,6854.974909,7025.026883,7282.806067,7686.709055,7811.950802,7422.971754,7830.853361,7161.788532,7086.784306,8487.523385,8650.430151
62,4169.288981,3398.764915,4358.969365,4002.529476,3744.425463,3713.834632,3458.659966,4282.348444,5016.743938,2987.167096,2827.813297,3115.768505,2428.385186,5578.419232,5218.275665,4857.644119,5007.526455,5361.517058,5293.651843,4176.090121,5437.774298,3186.983771,2406.707085,3966.281654,1536.620305,1343.878077,3254.13409,3399.872805,5126.596772,5449.010897,4937.786932,1883.07225,5747.755647,5510.544647,2256.49266,5910.585631,6136.302382,5570.470347,5598.961009,5748.138413,2632.225661,1073.787695,2490.247852,6486.829051,866.8894702,2441.801632,1013.559841,1479.456119,721.3076445,6187.62664,6558.095036,6365.273902,6483.332027,6145.733681,6705.862768,1763.976631,861.7710967,6349.747597,1760.454327,1478.932753,6102.591108,467.4090926,0,2029.54734,6435.745944,6632.377164,7261.351653,7411.895457,6616.182207,6553.689134,6400.998789,6988.858445,6672.541334,6962.860602,7132.912577,7390.69176,7794.594749,7919.836496,7530.857448,7938.739055,7269.674226,7194.67,8595.409079,8758.315845
63,3485.635974,3321.028905,3675.316358,3617.096261,3532.202637,2631.460524,2376.285858,3356.924059,4296.629129,2986.994595,2881.03738,2033.394397,2481.609269,4858.304423,4498.160857,4092.559104,4150.808864,4641.40225,4318.610802,3093.716013,4462.733257,3239.99705,1451.164282,4061.842544,2223.033905,2030.291678,3414.219239,3559.957955,4151.555732,4619.991737,3903.747151,1328.214174,5027.640839,4731.200529,1344.41268,5190.470822,5689.299834,4595.429307,4742.243418,4968.794295,1223.462533,2035.567733,1051.656804,6039.826503,1844.568947,2644.475042,1730.867872,1227.937187,1827.928843,5455.453415,5837.980227,5633.100677,5763.217219,5379.162744,6258.86022,681.563586,2342.205628,5374.706556,955.9499911,875.3728944,5127.550067,2133.864515,2029.54734,0,5460.704903,5657.336123,6529.178427,6679.722231,5836.838089,5700.889567,5548.199222,6256.68522,5819.741768,6235.694454,6157.871536,6415.65072,6819.553708,7187.66327,6751.513331,7159.394937,6430.276803,6363.417241,7816.064961,7978.971728
64,2339.235978,3036.981029,2460.666252,2470.696265,2728.800278,2829.244379,3084.419045,2153.397499,2944.110971,3448.578848,3607.932647,3427.310506,4007.360758,2964.099724,3016.527274,1961.991498,1796.485637,3181.001897,1142.094101,2531.565415,997.9716459,3274.268149,4136.371926,3457.715624,4900.026641,5092.768868,3875.794024,4021.53274,1334.071503,1504.962015,1627.099856,4660.006761,3396.411034,1822.051,4286.586351,3126.168955,4083.929408,1418.912605,1351.247982,2059.644767,4237.24237,5656.055158,4409.0481,4434.456077,5601.474868,4109.276185,5422.186103,5063.622892,5747.056694,3295.331882,3961.490397,3472.979144,4077.482529,3149.263217,4653.489794,5116.873861,6469.258335,650.9846024,5040.334067,5223.975794,651.8903877,6327.86025,6435.745944,5460.704903,0,196.6312201,3944.147359,3793.603556,2927.68856,1540.867984,1353.489007,4047.594028,1247.475518,4032.152194,1178.766236,1279.045625,1358.848805,3720.639706,2739.985829,3147.867435,2216.230669,2137.187825,3804.537459,3967.444226
65,2535.867199,3233.612249,2603.672445,2667.327485,2925.431498,3025.8756,3281.050266,2350.028719,3003.341546,3645.210068,3804.563867,3623.941727,4203.991978,2972.768622,3025.196172,2104.997691,1951.351434,3189.670795,1338.725321,2728.196635,1194.602866,3470.899369,4333.003147,3654.346844,5096.657861,5289.400088,4072.425245,4218.16396,1530.702723,1513.630913,1823.731076,4856.637981,3405.079933,1830.719899,4483.217572,3134.837854,4092.598306,1615.543825,1359.91688,2068.313665,4433.87359,5852.686378,4605.67932,4443.124976,5798.106089,4305.907405,5618.817323,5260.254112,5943.687914,3304.00078,3970.159295,3481.648042,4086.151427,3157.932115,4662.158692,5313.505081,6665.889555,605.7261358,5236.965287,5420.607014,745.8306719,6524.49147,6632.377164,5657.336123,196.6312201,0,3747.516139,3596.972336,2936.357458,1344.236764,1156.857787,4020.009347,1050.844298,4040.821092,982.1350162,1082.414405,1162.217585,3524.008486,2543.354609,2951.236215,2019.599449,1940.556605,3607.906239,3770.813006
66,3092.062672,3862.586739,2902.382288,3258.822177,3516.926191,3897.717904,4152.89257,3172.254368,2244.607715,4274.184557,4433.538356,4495.784031,4832.966467,1682.932422,2101.938095,2966.678644,2948.692886,1899.834595,3893.592568,4091.529364,3762.507705,4099.873858,5204.845451,4210.542317,5725.63235,5918.374577,4616.696725,4470.958009,3657.847035,2764.449868,3844.213826,5728.480285,1924.397438,2447.360882,5355.059876,1616.010834,2584.852239,4170.411073,2918.163901,2209.767116,5305.715894,6481.660867,5477.521624,2935.378908,6427.080578,4934.881894,6247.791812,6132.096417,6572.662403,1073.725013,2223.246998,896.0777508,2542.642628,1210.546013,3154.412625,6185.347385,7294.864044,3321.201632,6108.807591,6292.449318,3568.358121,7153.465959,7261.351653,6529.178427,3944.147359,3747.516139,0,150.5438036,1808.474196,2403.279375,2611.397036,272.4932078,2882.939581,446.1969195,3765.422344,3913.783735,4902.396841,658.4848428,1401.197139,1282.676793,2984.766252,2771.135737,1570.357783,1658.660457
67,3242.606475,4013.130542,3052.926091,3409.365981,3667.469994,4048.261707,4303.436373,3322.798172,2395.151519,4424.728361,4584.08216,4646.327834,4983.510271,1833.476225,2252.481899,2949.717606,2877.208744,2050.378398,3756.086356,4242.073167,3611.963902,4250.417662,5355.389254,4361.086121,5876.176154,6068.918381,4767.240529,4621.501813,3507.303231,2613.906064,3994.757629,5879.024089,2074.941241,2296.817078,5505.603679,1766.554637,2735.396042,4032.904861,2767.620097,2059.223312,5456.259698,6632.204671,5628.065427,3085.922712,6577.624381,5085.425698,6398.335616,6282.64022,6723.206207,1224.268816,2373.790802,1046.621554,2693.186432,1361.089816,3304.956428,6335.891189,7445.407848,3170.657829,6259.351395,6442.993122,3417.814318,7304.009763,7411.895457,6679.722231,3793.603556,3596.972336,150.5438036,0,1657.930392,2252.735571,2460.853232,423.0370114,2732.395778,596.7407231,3614.878541,3763.239931,4751.853037,507.9410393,1250.653335,1132.132989,2834.222449,2620.591933,1419.813979,1508.116654
68,2446.893225,3217.417292,2257.212841,2613.652731,2871.756744,3205.377565,3460.552231,2479.91403,2371.166389,3629.015111,3788.36891,3803.443692,4187.797021,2161.062311,2213.489861,1758.538087,1686.029225,2377.964484,2564.906838,3399.189026,2420.784383,3454.704412,4512.505112,3565.37287,5080.462904,5273.205131,4022.334645,4168.073361,2316.123713,1422.726545,2853.41691,5036.139947,2593.373622,1105.63756,4662.719537,2323.131543,3280.891995,2841.725342,1576.440579,868.0437935,4613.375556,5836.491421,4785.181285,3631.418665,5781.911131,4289.712448,5602.622366,5439.756078,5927.492957,2279.169058,3158.452984,2124.356999,3274.445116,2071.047898,3850.452381,5493.007047,6649.694597,2330.631323,5416.467253,5600.10898,2448.19725,6508.296513,6616.182207,5836.838089,2927.68856,2936.357458,1808.474196,1657.930392,0,1735.71459,1943.832251,2026.662957,2215.374797,2024.464835,3097.85756,3246.21895,4098.575044,1895.329119,914.6752416,1322.556848,2317.201468,2103.570952,1979.226872,2142.133639
69,2384.400152,3154.924219,2194.719769,2551.159658,2809.263671,3069.429043,3324.603709,2343.965508,2594.38887,3566.522038,3725.875837,3667.49517,4125.303948,2563.815946,2616.243496,1696.045015,1550.080704,2780.718119,1914.351827,3263.240504,1770.229372,3392.211339,4376.55659,3502.879798,5017.969831,5210.712058,3959.841572,4105.580288,2106.329228,1104.678237,2399.357582,4900.191425,2996.127256,1373.902565,4526.771015,2725.885177,3683.64563,2191.170331,1033.009359,1558.262035,4477.427034,5773.998348,4649.232764,4034.172299,5719.418058,4227.219375,5540.129293,5303.807556,5864.999884,2895.048104,3561.206619,3072.695366,3677.198751,2748.979439,4253.206016,5357.058525,6587.201525,917.9222572,5280.518731,5464.160458,1165.078746,6445.80344,6553.689134,5700.889567,1540.867984,1344.236764,2403.279375,2252.735571,1735.71459,0,208.1176611,2675.772583,479.6602065,2849.476294,1362.142969,1518.97147,2499.117466,2179.771722,1199.117844,1606.999451,741.570518,662.5276737,2263.669475,2426.576241
70,2231.709807,3002.233874,2042.029424,2398.469313,2656.573326,2916.738698,3171.913364,2191.275163,2441.698525,3413.831693,3573.185492,3514.804825,3972.613603,2411.125601,2463.553151,1543.35467,1397.390359,2628.027774,1726.972849,3110.550159,1582.850394,3239.520994,4223.866245,3350.189453,4865.279486,5058.021713,3807.151227,3952.889943,1918.950251,951.9878918,2211.978604,4747.50108,2843.436911,1221.21222,4374.08067,2573.194832,3530.955285,2003.791353,880.3190136,1405.57169,4324.736689,5621.308003,4496.542419,3881.481954,5566.727713,4074.52903,5387.438948,5151.117211,5712.309539,2742.357759,3408.516274,2920.005021,3524.508406,2596.289094,4100.515671,5204.36818,6434.51118,730.5432795,5127.828386,5311.470113,977.6997687,6293.113095,6400.998789,5548.199222,1353.489007,1156.857787,2611.397036,2460.853232,1943.832251,208.1176611,0,2883.890244,271.5425454,3057.593956,1167.970723,1505.171539,2311.738488,2387.889383,1407.235505,1815.117112,949.6881791,870.6453348,2471.787136,2634.693902
71,2819.569464,3590.093531,2629.88908,2986.32897,3244.432983,3625.224696,3880.399362,2899.76116,1972.114507,4001.691349,4161.045149,4223.290823,4560.47326,1410.439214,1829.444887,2694.185437,2676.199678,1627.341387,3621.09936,3819.036156,3540.68985,3827.38065,4932.352243,3938.049109,5453.139142,5645.881369,4344.203517,4198.464801,3436.02918,2542.632013,3571.720618,5455.987077,1651.90423,2337.541308,5082.566668,1343.517626,2312.359031,3897.917865,2696.346046,2246.870344,5033.222686,6209.16766,5205.028416,2662.8857,6154.58737,4662.388686,5975.298605,5859.603209,6300.169196,801.231805,1950.75379,623.584543,2270.149421,938.052805,2881.919417,5912.854177,7022.370836,3450.53679,5836.314383,6019.95611,3568.102717,6880.972751,6988.858445,6256.68522,4047.594028,4020.009347,272.4932078,423.0370114,2026.662957,2675.772583,2883.890244,0,3155.432789,173.7037117,4037.915552,4186.276943,5174.890048,930.9780506,1673.690346,1555.17,3257.25946,3043.628945,1842.850991,1931.153665
72,2503.252353,3273.77642,2313.571969,2670.011858,2928.115872,3188.281244,3443.45591,2462.817708,2713.241071,3685.374238,3844.728038,3786.347371,4244.156149,2682.668146,2735.095697,1814.897215,1668.932904,2899.570319,1764.675053,3154.146368,1620.552598,3511.063539,4495.408791,3621.731998,5136.822031,5329.564258,4078.693773,4224.432488,1956.652455,1223.530437,2249.680808,5019.043625,3114.979457,1492.754766,4645.623216,2844.737378,3802.49783,2041.493558,1151.861559,1677.114235,4596.279234,5892.850548,4768.084964,4153.0245,5838.270259,4346.071575,5658.981494,5422.659757,5983.852084,3013.900304,3680.058819,3191.547566,3796.050952,2867.831639,4372.058216,5475.910725,6706.053725,708.5792995,5399.370931,5583.012658,955.7357887,6564.65564,6672.541334,5819.741768,1247.475518,1050.844298,2882.939581,2732.395778,2215.374797,479.6602065,271.5425454,3155.432789,0,3329.136501,896.4281776,1233.628994,2110.985571,2659.431928,1678.778051,2086.659657,1221.230724,1142.18788,2743.329681,2906.236448
73,2793.571621,3564.095688,2603.891237,2960.331127,3218.43514,3604.233931,3859.408597,2878.770395,1946.116665,3975.693507,4135.047306,4202.300058,4534.475417,1384.441371,1803.447044,2678.743603,2660.757844,1601.343544,3600.108595,3798.045391,3525.248017,3801.382808,4911.361478,3912.051266,5427.141299,5619.883527,4318.205674,4172.466959,3420.587346,2527.190179,3550.729853,5434.996312,1625.051005,2322.099474,5061.575903,1316.664401,2285.505806,3876.9271,2680.904212,2244.672223,5012.231921,6183.169817,5184.037651,2636.032475,6128.589527,4636.390844,5949.300762,5838.612444,6274.171353,780.2410399,1923.900565,602.5937779,2243.296196,922.6109711,2855.066192,5891.863412,6996.372993,3435.094956,5815.323618,5998.965345,3552.660883,6854.974909,6962.860602,6235.694454,4032.152194,4040.821092,446.1969195,596.7407231,2024.464835,2849.476294,3057.593956,173.7037117,3329.136501,0,4211.619264,4359.980654,5203.038677,1104.681762,1847.394058,1728.873712,3430.963172,3217.332657,2016.554702,2104.857377
74,2970.791673,3734.147662,2781.111289,3137.551178,3395.655191,3526.411012,3781.585678,2850.564132,3180.78039,4145.745481,4305.09928,4124.477139,4704.527391,3150.207466,3202.635016,2282.436535,2128.790278,3367.109639,1839.260734,3228.732048,1695.138279,3971.434782,4833.538559,4089.271318,5597.193274,5789.935501,4546.233092,4691.971808,2031.238135,1691.069757,2324.266489,5357.173394,3582.518777,2008.158743,4983.752984,3312.276698,4270.03715,2116.079238,1537.355724,2245.752509,4934.409003,6353.221791,5106.214732,4620.56382,6298.641501,4806.442818,6119.352736,5760.789525,6444.223327,3481.439624,4147.598139,3659.086886,4263.590271,3335.370959,4839.597536,5814.040494,7166.424968,783.1649798,5737.5007,5921.142427,1030.321469,7025.026883,7132.912577,6157.871536,1178.766236,982.1350162,3765.422344,3614.878541,3097.85756,1362.142969,1167.970723,4037.915552,896.4281776,4211.619264,0,337.200816,1214.557394,3541.914691,2561.260814,2969.14242,1813.661034,1734.618189,3625.812444,3788.719211
75,3228.570856,3991.926846,3038.890473,3395.330362,3653.434375,3784.190196,4039.364862,3108.343316,3438.559574,4403.524665,4562.878464,4382.256323,4962.306575,3407.98665,3460.4142,2540.215719,2386.569462,3624.888823,2097.039917,3486.511232,1952.917462,4229.213966,5091.317743,4347.050502,5854.972457,6047.714685,4804.012276,4949.750992,2289.017319,1948.848941,2582.045672,5614.952578,3840.29796,2265.937926,5241.532168,3570.055881,4527.816334,2373.858422,1795.134908,2503.531693,5192.188186,6611.000975,5363.993916,4878.343003,6556.420685,5064.222002,6377.13192,6018.568709,6702.002511,3739.218808,4405.377323,3916.86607,4521.369455,3593.150143,5097.37672,6071.819677,7424.204151,1040.944164,5995.279883,6178.92161,1288.100653,7282.806067,7390.69176,6415.65072,1279.045625,1082.414405,3913.783735,3763.239931,3246.21895,1518.97147,1505.171539,4186.276943,1233.628994,4359.980654,337.200816,0,1314.836782,3690.276082,2709.622204,3117.503811,1838.567127,1759.524282,3774.173835,3937.080601
76,3698.084784,4395.829835,3765.89003,3829.54507,4087.649083,4188.093185,4443.267851,3512.246305,4165.559131,4807.427653,4966.781452,4786.159312,5366.209563,4134.986207,4187.413757,3267.215276,3113.569019,4351.88838,2500.942906,3890.41422,2356.820451,4633.116954,5495.220732,4816.564429,6258.875446,6451.617673,5234.64283,5380.381545,2692.920308,2675.848498,2985.948661,6018.855566,4567.297518,2992.937484,5645.435157,4297.055439,5254.815891,2777.76141,2522.134465,3230.53125,5596.091175,7014.903963,5767.896905,5605.342561,6960.323674,5468.12499,6781.034908,6422.471698,7105.905499,4466.218365,5132.37688,4643.865627,5248.369012,4320.1497,5824.376277,6475.722666,7828.10714,1767.943721,6399.182872,6582.824599,1908.048257,7686.709055,7794.594749,6819.553708,1358.848805,1162.217585,4902.396841,4751.853037,4098.575044,2499.117466,2311.738488,5174.890048,2110.985571,5203.038677,1214.557394,1314.836782,0,4678.889187,3698.23531,4106.116916,3028.218427,2949.175583,4762.78694,4925.693707
77,3750.547515,4521.071581,3560.867131,3917.30702,4175.411033,4556.202746,4811.377413,3830.739211,2903.092558,4932.6694,5092.023199,5154.268873,5491.45131,2341.417264,2760.422938,3449.283089,3376.774227,2558.319437,4094.123548,4750.014207,3950.001093,4758.358701,5863.330293,4869.02716,6384.117193,6576.85942,5275.181568,5129.442852,4006.868715,3113.471547,4502.698668,6386.965128,2582.88228,2796.382562,6013.544718,2274.495676,3243.337082,4370.942053,3212.78108,2558.788795,5964.200737,7140.14571,6136.006467,3593.863751,7085.56542,5593.366737,6906.276655,6790.581259,7231.147246,1732.209856,2881.731841,1554.562594,3201.127471,1869.030856,3812.897467,6843.832228,7953.348887,3097.693979,6767.292434,6950.934161,3344.850468,7811.950802,7919.836496,7187.66327,3720.639706,3524.008486,658.4848428,507.9410393,1895.329119,2179.771722,2387.889383,930.9780506,2659.431928,1104.681762,3541.914691,3690.276082,4678.889187,0,1177.689485,1059.169139,2761.258599,2547.628084,911.8729401,1000.175614
78,3361.568467,4132.092534,3171.888083,3528.327972,3786.431986,4120.052807,4375.227473,3394.589271,3285.841631,4543.690352,4703.044152,4718.118934,5102.472263,3068.427325,3128.165103,2673.213329,2600.704467,3285.329498,3113.469671,4313.864267,2969.347216,4369.379653,5427.180354,4480.048112,5995.138145,6187.880372,4937.009887,5082.748602,3230.798954,2297.781004,3598.475426,5950.815188,3313.533898,2020.312802,5577.394779,3005.147294,3973.988699,3390.288175,2232.127203,1782.719035,5528.050797,6751.166663,5699.856527,4324.515368,6696.586373,5204.387689,6517.297608,6354.43132,6842.168198,2459.219916,3612.383458,2281.572654,3931.779088,2596.040916,4543.549085,6407.682288,7564.369839,2117.040101,6331.142494,6514.784221,2364.196591,7422.971754,7530.857448,6751.513331,2739.985829,2543.354609,1401.197139,1250.653335,914.6752416,1199.117844,1407.235505,1673.690346,1678.778051,1847.394058,2561.260814,2709.622204,3698.23531,1177.689485,0,407.8816064,1780.604722,1566.974206,1064.55163,1227.458397
79,3769.450073,4539.97414,3579.769689,3936.209579,4194.313592,4527.934413,4783.109079,3802.470878,3511.582273,4951.571959,5110.925758,5126.00054,5510.353869,2949.906979,3368.912653,3081.094935,3008.586073,3166.809152,3521.351277,4721.745874,3377.228823,4777.26126,5835.06196,4887.929718,6403.019752,6595.761979,5344.891493,5490.630209,3638.680561,2705.662611,4006.357032,6358.696795,3195.013552,2428.194408,5985.276385,2886.626948,3855.468353,3798.169782,2640.008809,2190.600642,5935.932404,7159.048269,6107.738133,4205.995022,7104.467979,5612.269296,6925.179214,6762.312926,7250.049805,2340.699571,3493.863112,2163.052309,3813.258743,2477.520571,4425.028739,6815.563895,7972.251446,2524.921708,6739.024101,6922.665828,2772.078197,7830.853361,7938.739055,7159.394937,3147.867435,2951.236215,1282.676793,1132.132989,1322.556848,1606.999451,1815.117112,1555.17,2086.659657,1728.873712,2969.14242,3117.503811,4106.116916,1059.169139,407.8816064,0,2188.486328,1974.855813,656.670024,819.5767907
80,3113.787388,3870.909311,2924.107005,3280.546894,3538.650907,3798.816279,4053.990945,3073.352744,3323.776106,4282.50713,4441.860929,4396.882406,4841.28904,3293.203182,3345.630732,2425.432251,2279.46794,3510.105355,2655.922345,3992.62774,2511.79989,4108.196431,5105.943826,4232.267034,5733.954923,5926.69715,4689.228808,4834.967524,2847.899746,1834.065473,3140.9281,5629.578661,3725.514492,2103.289801,5256.158251,3455.272413,4413.032866,2932.740849,1762.396595,2287.649271,5206.81427,6489.98344,5378.62,4763.559535,6435.40315,4943.204467,6256.114385,6033.194792,6580.984976,3624.43534,4290.593855,3802.082602,4406.585987,3478.366675,4982.593252,6086.445761,7303.186617,1659.492775,6009.905967,6193.547694,1906.649264,7161.788532,7269.674226,6430.276803,2216.230669,2019.599449,2984.766252,2834.222449,2317.201468,741.570518,949.6881791,3257.25946,1221.230724,3430.963172,1813.661034,1838.567127,3028.218427,2761.258599,1780.604722,2188.486328,0,523.5860023,2845.156352,3008.063119
81,3025.381018,3795.905085,2835.700634,3192.140524,3450.244537,3731.956717,3987.131383,3006.493181,3235.369736,4207.502904,4366.856703,4330.022844,4766.284814,3204.796812,3257.224362,2337.02588,2212.608377,3421.698985,2576.8795,3925.768177,2432.757046,4033.192205,5039.084264,4143.860664,5658.950697,5851.692924,4600.822438,4746.561154,2768.856902,1745.659103,3061.885255,5562.719099,3637.108122,2014.883431,5189.298689,3366.866043,4324.626496,2853.698005,1695.537032,2199.2429,5139.954708,6414.979214,5311.760437,4675.153165,6360.398924,4868.200241,6181.110159,5966.33523,6505.98075,3536.02897,4202.187485,3651.511253,4318.179617,3389.960305,4894.186882,6019.586199,7228.182391,1580.449931,5943.046404,6126.688132,1827.60642,7086.784306,7194.67,6363.417241,2137.187825,1940.556605,2771.135737,2620.591933,2103.570952,662.5276737,870.6453348,3043.628945,1142.18788,3217.332657,1734.618189,1759.524282,2949.175583,2547.628084,1566.974206,1974.855813,523.5860023,0,2631.525837,2794.432603
82,4426.120097,5196.644164,4236.439713,4592.879603,4850.983616,5184.604437,5439.779103,4459.140902,3814.965498,5608.241983,5767.595782,5782.670564,6167.023893,3253.290204,3672.295878,3737.764959,3665.256097,3470.192378,4178.021301,5378.415898,4033.898847,5433.931284,6491.731984,5544.599742,7059.689776,7252.432003,6001.561517,6041.315792,4295.350585,3362.332635,4663.027056,7015.366819,3494.755221,3084.864432,6641.946409,3186.368617,4155.210022,4454.839806,3296.678833,2847.270666,6592.602428,7815.718293,6764.408157,4505.736691,7761.138003,6268.93932,7581.849238,7418.98295,7906.719829,2644.082796,3793.604781,2466.435534,4113.000411,2780.903796,4724.770407,7472.233919,8628.921469,3181.591732,7395.694125,7579.335852,3428.748221,8487.523385,8595.409079,7816.064961,3804.537459,3607.906239,1570.357783,1419.813979,1979.226872,2263.669475,2471.787136,1842.850991,2743.329681,2016.554702,3625.812444,3774.173835,4762.78694,911.8729401,1064.55163,656.670024,2845.156352,2631.525837,0,240.5385929
83,4589.026864,5359.550931,4399.34648,4755.78637,5013.890383,5347.511204,5602.68587,4622.047668,3903.268172,5771.148749,5930.502549,5945.577331,6329.93066,3341.592879,3760.598552,3900.671726,3828.162864,3558.495052,4340.928068,5541.322664,4196.805613,5596.83805,6654.638751,5707.506509,7222.596542,7415.338769,6164.468284,6129.618466,4458.257352,3525.239401,4825.933823,7178.273586,3583.057895,3247.771199,6804.853176,3274.671291,4243.512696,4617.746572,3459.5856,3010.177432,6755.509194,7978.62506,6927.314924,4594.039365,7924.04477,6431.846086,7744.756005,7581.889717,8069.626596,2732.38547,3881.907455,2554.738208,4201.303086,2869.20647,4813.073082,7635.140685,8791.828236,3344.498499,7558.600891,7742.242618,3591.654988,8650.430151,8758.315845,7978.971728,3967.444226,3770.813006,1658.660457,1508.116654,2142.133639,2426.576241,2634.693902,1931.153665,2906.236448,2104.857377,3788.719211,3937.080601,4925.693707,1000.175614,1227.458397,819.5767907,3008.063119,2794.432603,240.5385929,0
