traffic_seed,method,policy,final_epoch,cumulative_energy_kwh,cumulative_operating_s,cumulative_planning_runtime_s,latency_adjusted_energy_kwh,latency_adjusted_time_s,min_battery_kwh,returned_to_depot,initial_planning_runtime_s,initial_compute_wait_aux_energy_kwh,total_reassigned_bins,total_next_choice_changes,replan_attempts,accepted_replans,disrupted_edges_traversed,traversed_edges,replanning_runtime_s,post_departure_latency_adjusted_time_s,post_departure_latency_adjusted_energy_kwh,disrupted_edge_share,adaptive_vs_static_live_gain_pct,adaptive_vs_static_frozen_gain_pct,adaptive_energy_gain_pct
2026,aco,adaptive,54,152.23428131621876,3778.24093958136,722.457891199505,152.23428131621876,3778.24093958136,141.99315669928288,True,31.84011709992774,0.0,20,7,10,2,74,2042,690.6177740995772,3778.24093958136,152.23428131621876,0.0362389813907933,4.19685735544715,4.221601561675965,4.19685735544715
2026,aco,static_frozen,47,158.94427532555702,3159.42681774875,31.84011709992774,158.94427532555702,3159.42681774875,141.54563660314608,True,31.84011709992774,0.0,0,0,0,0,164,1517,0.0,3159.42681774875,158.94427532555702,0.1081081081081081,0.0,0.0,0.0
2026,aco,static_live,47,158.90322291517694,3159.42681774875,31.84011709992774,158.90322291517694,3159.42681774875,141.54563660314608,True,31.84011709992774,0.0,0,0,0,0,162,1521,0.0,3159.42681774875,158.90322291517694,0.1065088757396449,0.0,0.0,0.0
2026,ga,adaptive,44,177.49800966225993,2851.4850600056634,3153.337554199737,177.49800966225993,2851.4850600056634,130.81769270957753,True,25.74775079998653,0.0,30,14,8,4,155,2066,3127.589803399751,2851.4850600056634,177.49800966225993,0.0750242013552758,0.6500637606343803,0.6500637606343803,0.6500637606343803
2026,ga,static_frozen,43,178.6594097399426,3083.078422568936,25.74775079998653,178.6594097399426,3083.078422568936,136.74647072178504,True,25.74775079998653,0.0,0,0,0,0,168,1897,0.0,3083.078422568936,178.6594097399426,0.088560885608856,0.0,0.0,0.0
2026,ga,static_live,43,178.6594097399426,3083.078422568936,25.74775079998653,178.6594097399426,3083.078422568936,136.74647072178504,True,25.74775079998653,0.0,0,0,0,0,168,1897,0.0,3083.078422568936,178.6594097399426,0.088560885608856,0.0,0.0,0.0
2026,nn,adaptive,43,216.07661106340493,3109.667955410056,59.82110129995272,216.07661106340493,3109.667955410056,144.66872154814394,True,10.21008449990768,0.0,35,6,8,3,229,2335,49.61101680004504,3109.667955410056,216.07661106340493,0.0980728051391863,5.632578925970045,6.852699449337611,5.632578925970045
2026,nn,static_frozen,40,231.9730252900693,2966.068933324857,10.21008449990768,231.9730252900693,2966.068933324857,134.9236571956268,True,10.21008449990768,0.0,0,0,0,0,271,2178,0.0,2966.068933324857,231.9730252900693,0.1244260789715335,0.0,0.0,0.0
2026,nn,static_live,40,228.9737375506911,2948.493475462956,10.21008449990768,228.9737375506911,2948.493475462956,134.9236571956268,True,10.21008449990768,0.0,0,0,0,0,245,2210,0.0,2948.493475462956,228.9737375506911,0.1108597285067873,0.0,0.0,0.0
2026,proposed,adaptive,49,143.92979688469367,3030.624239135442,1652.1258361999644,143.92979688469367,3030.624239135442,134.3437330729469,True,1139.5955789000727,0.0,5,4,9,2,147,1517,512.5302572998917,3030.624239135442,143.92979688469367,0.096901779828609,0.0075737353685912,0.0075737353686307,0.0075737353685912
2026,proposed,static_frozen,49,143.9406985722913,3030.624239135442,1139.5955789000727,143.9406985722913,3030.624239135442,134.3437330729469,True,1139.5955789000727,0.0,0,0,0,0,147,1517,0.0,3030.624239135442,143.9406985722913,0.096901779828609,0.0,0.0,0.0
2026,proposed,static_live,49,143.94069857229124,3030.624239135442,1139.5955789000727,143.94069857229124,3030.624239135442,134.3437330729469,True,1139.5955789000727,0.0,0,0,0,0,147,1517,0.0,3030.624239135442,143.94069857229124,0.096901779828609,0.0,0.0,0.0
2026,pso,adaptive,47,195.69602326487896,3344.308906141169,2045.8296891998036,195.69602326487896,3344.308906141169,133.02418012754706,True,21.334564200020395,0.0,57,10,9,3,208,1901,2024.495124999783,3344.308906141169,195.69602326487896,0.1094160967911625,8.681813527785351,10.003910150661758,8.681813527785351
2026,pso,static_frozen,43,217.44947318543743,2970.378768022388,21.334564200020395,217.44947318543743,2970.378768022388,133.50089128069962,True,21.334564200020395,0.0,0,0,0,0,255,1871,0.0,2970.378768022388,217.44947318543743,0.1362907536076964,0.0,0.0,0.0
2026,pso,static_live,43,214.30125895505307,3011.628756739801,21.334564200020395,214.30125895505307,3011.628756739801,133.50089128069962,True,21.334564200020395,0.0,0,0,0,0,226,1900,0.0,3011.628756739801,214.30125895505307,0.1189473684210526,0.0,0.0,0.0
2027,aco,adaptive,62,160.72144430363664,4140.721565420517,740.5064095996786,160.72144430363664,4140.721565420517,150.97302881930722,True,31.84011709992774,0.0,27,9,12,3,97,1981,708.6662924997509,4140.721565420517,160.72144430363664,0.0489651691065118,2.060669752574428,9.417804690903957,2.060669752574428
2027,aco,static_frozen,47,177.43160645996994,3190.9922334700973,31.84011709992774,177.43160645996994,3190.9922334700973,131.9991441810519,True,31.84011709992774,0.0,0,0,0,0,276,1517,0.0,3190.9922334700973,177.43160645996994,0.1819380355965721,0.0,0.0,0.0
2027,aco,static_live,48,164.10306655927062,3294.792528056628,31.84011709992774,164.10306655927062,3294.792528056628,140.74085597007462,True,31.84011709992774,0.0,0,0,0,0,214,1538,0.0,3294.792528056628,164.10306655927062,0.1391417425227568,0.0,0.0,0.0
2027,ga,adaptive,40,201.8041099694985,2808.1862620092807,2733.195943400148,201.8041099694985,2808.1862620092807,135.26109533850092,True,25.74775079998653,0.0,26,5,7,2,181,2142,2707.448192600161,2808.1862620092807,201.8041099694985,0.084500466853408,-8.676864081488702,0.7018301833830811,-8.676864081488702
2027,ga,static_frozen,46,203.23044255718787,3258.1305933929943,25.74775079998653,203.23044255718787,3258.1305933929943,138.37702365281606,True,25.74775079998653,0.0,0,0,0,0,271,1897,0.0,3258.1305933929943,203.23044255718787,0.1428571428571428,0.0,0.0,0.0
2027,ga,static_live,48,185.69187809668543,3396.8712513392397,25.74775079998653,185.69187809668543,3396.8712513392397,138.7543786503474,True,25.74775079998653,0.0,0,0,0,0,201,2005,0.0,3396.8712513392397,185.69187809668543,0.1002493765586035,0.0,0.0,0.0
2027,nn,adaptive,40,208.93201478101577,2945.1497126983318,53.81299890019,208.93201478101577,2945.1497126983318,139.4083777313933,True,10.21008449990768,0.0,37,5,7,2,181,2330,43.60291440028232,2945.1497126983318,208.93201478101577,0.0776824034334763,9.85188747429344,20.896097415243744,9.85188747429344
2027,nn,static_frozen,40,264.1235235608693,2959.9147331863123,10.21008449990768,264.1235235608693,2959.9147331863123,135.90255272621803,True,10.21008449990768,0.0,0,0,0,0,425,2178,0.0,2959.9147331863123,264.1235235608693,0.1951331496786042,0.0,0.0,0.0
2027,nn,static_live,44,231.7652682095112,3213.723023739344,10.21008449990768,231.7652682095112,3213.723023739344,136.9535399143934,True,10.21008449990768,0.0,0,0,0,0,226,2465,0.0,3213.723023739344,231.7652682095112,0.091683569979716,0.0,0.0,0.0
2027,proposed,adaptive,56,150.7241451880533,3651.802905002842,1772.8797563997796,150.7241451880533,3651.802905002842,137.5889158144563,True,1139.5955789000727,0.0,10,4,10,1,96,1655,633.2841774997069,3651.802905002842,150.7241451880533,0.0580060422960725,0.2495190354334668,9.004270624233381,0.2495190354334668
2027,proposed,static_frozen,50,165.638702191878,3095.706838548585,1139.5955789000727,165.638702191878,3095.706838548585,125.45668777739527,True,1139.5955789000727,0.0,0,0,0,0,238,1517,0.0,3095.706838548585,165.638702191878,0.1568885959129861,0.0,0.0,0.0
2027,proposed,static_live,53,151.10117137339287,3306.579365354469,1139.5955789000727,151.10117137339287,3306.579365354469,135.44529714777022,True,1139.5955789000727,0.0,0,0,0,0,199,1572,0.0,3306.579365354469,151.10117137339287,0.126590330788804,0.0,0.0,0.0
2027,pso,adaptive,47,184.12867312017156,3348.959842509302,1992.607143200119,184.12867312017156,3348.959842509302,137.5858157975962,True,21.334564200020395,0.0,60,13,9,4,219,1890,1971.2725790000984,3348.959842509302,184.12867312017156,0.1158730158730158,10.930858523947688,21.49084149179844,10.930858523947688
2027,pso,static_frozen,44,234.53145673563205,3023.101891659613,21.334564200020395,234.53145673563205,3023.101891659613,134.46696885328123,True,21.334564200020395,0.0,0,0,0,0,365,1871,0.0,3023.101891659613,234.53145673563205,0.1950828433992517,0.0,0.0,0.0
2027,pso,static_live,49,206.7255505877729,3335.5122022226383,21.334564200020395,206.7255505877729,3335.5122022226383,135.47471374597842,True,21.334564200020395,0.0,0,0,0,0,242,2042,0.0,3335.5122022226383,206.7255505877729,0.118511263467189,0.0,0.0,0.0
2028,aco,adaptive,48,164.85487433911976,3410.4975616848183,662.714315499994,164.85487433911976,3410.4975616848183,147.8769185951198,True,31.84011709992774,0.0,12,7,9,3,133,1728,630.8741984000662,3410.4975616848183,164.85487433911976,0.0769675925925925,-3.402181044649252,6.134858332860002,-3.402181044649252
2028,aco,static_frozen,47,175.6294950512301,3189.997749366643,31.84011709992774,175.6294950512301,3189.997749366643,133.80051712491542,True,31.84011709992774,0.0,0,0,0,0,237,1517,0.0,3189.997749366643,175.6294950512301,0.1562294001318391,0.0,0.0,0.0
2028,aco,static_live,48,159.43075153118397,3296.9132818813114,31.84011709992774,159.43075153118397,3296.9132818813114,143.2906219837696,True,31.84011709992774,0.0,0,0,0,0,156,1532,0.0,3296.9132818813114,159.43075153118397,0.1018276762402088,0.0,0.0,0.0
2028,ga,adaptive,43,200.43037579860436,3107.9435219263446,2389.900906299823,200.43037579860436,3107.9435219263446,137.77424067649346,True,25.74775079998653,0.0,3,5,8,1,156,1932,2364.1531554998364,3107.9435219263446,200.43037579860436,0.0807453416149068,0.6513331243424743,11.8476664430278,0.6513331243424743
2028,ga,static_frozen,45,227.36820196491755,3232.6433929008977,25.74775079998653,227.36820196491755,3232.6433929008977,129.4300565260381,True,25.74775079998653,0.0,0,0,0,0,273,1897,0.0,3232.6433929008977,227.36820196491755,0.1439114391143911,0.0,0.0,0.0
2028,ga,static_live,48,201.744403927894,3373.39903162775,25.74775079998653,201.744403927894,3373.39903162775,136.66659154010603,True,25.74775079998653,0.0,0,0,0,0,185,1972,0.0,3373.39903162775,201.744403927894,0.0938133874239351,0.0,0.0,0.0
2028,nn,adaptive,43,192.31243738111613,3111.067344234852,65.38877419976052,192.31243738111613,3111.067344234852,138.65445799232802,True,10.21008449990768,0.0,26,3,8,2,156,2116,55.17868969985284,3111.067344234852,192.31243738111613,0.0737240075614366,18.190037944437403,28.49260173575705,18.190037944437403
2028,nn,static_frozen,43,268.9406160051573,3132.7725407599582,10.21008449990768,268.9406160051573,3132.7725407599582,128.1313505378546,True,10.21008449990768,0.0,0,0,0,0,514,2178,0.0,3132.7725407599582,268.9406160051573,0.2359963269054178,0.0,0.0,0.0
2028,nn,static_live,44,235.0721508103181,3186.2527011144425,10.21008449990768,235.0721508103181,3186.2527011144425,136.5817341622013,True,10.21008449990768,0.0,0,0,0,0,224,2258,0.0,3186.2527011144425,235.0721508103181,0.0992028343666961,0.0,0.0,0.0
2028,proposed,adaptive,52,166.5832349116583,3225.5720986417427,1751.9107226999477,166.5832349116583,3225.5720986417427,137.87078964969865,True,1139.5955789000727,0.0,1,2,10,1,151,1531,612.3151437998749,3225.5720986417427,166.5832349116583,0.0986283474853037,8.869251591636492e-05,7.145230081694084,8.869251591636492e-05
2028,proposed,static_frozen,48,179.40191447161956,3018.269726559396,1139.5955789000727,179.40191447161956,3018.269726559396,129.1827591368412,True,1139.5955789000727,0.0,0,0,0,0,199,1517,0.0,3018.269726559396,179.40191447161956,0.1311799604482531,0.0,0.0,0.0
2028,proposed,static_live,52,166.5833826586515,3225.5720986417427,1139.5955789000727,166.5833826586515,3225.5720986417427,137.87078964969865,True,1139.5955789000727,0.0,0,0,0,0,151,1531,0.0,3225.5720986417427,166.5833826586515,0.0986283474853037,0.0,0.0,0.0
2028,pso,adaptive,53,179.46060802158266,3641.423402986164,1869.200586400344,179.46060802158266,3641.423402986164,144.7994510181249,True,21.334564200020395,0.0,58,12,10,3,160,1717,1847.866022200324,3641.423402986164,179.46060802158266,0.093185789167152,19.22122008891936,29.634433824891243,19.22122008891936
2028,pso,static_frozen,44,255.0403809371541,3009.1667245915105,21.334564200020395,255.0403809371541,3009.1667245915105,135.18740448565984,True,21.334564200020395,0.0,0,0,0,0,414,1871,0.0,3009.1667245915105,255.0403809371541,0.2212720470336718,0.0,0.0,0.0
2028,pso,static_live,49,222.16305844075464,3337.406466845099,21.334564200020395,222.16305844075464,3337.406466845099,140.8455978626826,True,21.334564200020395,0.0,0,0,0,0,254,1991,0.0,3337.406466845099,222.16305844075464,0.1275740833751883,0.0,0.0,0.0
2029,aco,adaptive,45,162.81401500174945,2994.023190715688,634.9117691998836,162.81401500174945,2994.023190715688,149.945832737842,True,31.84011709992774,0.0,7,5,8,2,190,1466,603.0716520999558,2994.023190715688,162.81401500174945,0.1296043656207367,-0.2070262769382836,1.5581463410146272,-0.2070262769382836
2029,aco,static_frozen,47,165.39104958929067,3143.5702436979223,31.84011709992774,165.39104958929067,3143.5702436979223,144.75123858847596,True,31.84011709992774,0.0,0,0,0,0,244,1517,0.0,3143.5702436979223,165.39104958929067,0.1608437705998681,0.0,0.0,0.0
2029,aco,static_live,47,162.4776435853776,3142.9006523092867,31.84011709992774,162.4776435853776,3142.9006523092867,146.25261069198953,True,31.84011709992774,0.0,0,0,0,0,199,1486,0.0,3142.9006523092867,162.4776435853776,0.1339165545087483,0.0,0.0,0.0
2029,ga,adaptive,39,182.92216324773352,2915.527863282182,2479.343915600213,182.92216324773352,2915.527863282182,146.8313243125856,True,25.74775079998653,0.0,6,2,7,1,153,1866,2453.5961648002267,2915.527863282182,182.92216324773352,0.0819935691318328,-3.799517929183162,0.5109261821992029,-3.799517929183162
2029,ga,static_frozen,45,183.8615600972704,3225.6229301962617,25.74775079998653,183.8615600972704,3225.6229301962617,141.89960608137542,True,25.74775079998653,0.0,0,0,0,0,295,1897,0.0,3225.6229301962617,183.8615600972704,0.1555086979441223,0.0,0.0,0.0
2029,ga,static_live,46,176.2264092329711,3398.457291016984,25.74775079998653,176.2264092329711,3398.457291016984,145.70986450512908,True,25.74775079998653,0.0,0,0,0,0,213,1929,0.0,3398.457291016984,176.2264092329711,0.1104199066874028,0.0,0.0,0.0
2029,nn,adaptive,40,185.2498323998868,2967.263973108899,53.76266050012782,185.2498323998868,2967.263973108899,147.65480208265288,True,10.21008449990768,0.0,32,3,7,3,187,2046,43.55257600022014,2967.263973108899,185.2498323998868,0.0913978494623656,8.87058289572364,15.34646799037967,8.87058289572364
2029,nn,static_frozen,41,218.8329630225403,3016.914713696749,10.21008449990768,218.8329630225403,3016.914713696749,139.22105388423975,True,10.21008449990768,0.0,0,0,0,0,327,2178,0.0,3016.914713696749,218.8329630225403,0.1501377410468319,0.0,0.0,0.0
2029,nn,static_live,42,203.2821434465136,3075.0098502001047,10.21008449990768,203.2821434465136,3075.0098502001047,147.2413416175915,True,10.21008449990768,0.0,0,0,0,0,189,2227,0.0,3075.0098502001047,203.2821434465136,0.0848675348001796,0.0,0.0,0.0
2029,proposed,adaptive,45,167.93941268076958,2871.044544597224,1716.2659316998906,167.93941268076958,2871.044544597224,147.9375214793428,True,1139.5955789000727,0.0,7,4,8,2,205,1522,576.6703527998179,2871.044544597224,167.93941268076958,0.1346911957950065,-0.1376202378698543,3.4307510641878154,-0.1376202378698543
2029,proposed,static_frozen,45,173.90568377765456,2813.2827309811737,1139.5955789000727,173.90568377765456,2813.2827309811737,147.9375214793428,True,1139.5955789000727,0.0,0,0,0,0,242,1517,0.0,2813.2827309811737,173.90568377765456,0.1595253790375741,0.0,0.0,0.0
2029,proposed,static_live,45,167.70861169043295,2812.7267567922377,1139.5955789000727,167.70861169043295,2812.7267567922377,147.9375214793428,True,1139.5955789000727,0.0,0,0,0,0,205,1544,0.0,2812.7267567922377,167.70861169043295,0.1327720207253886,0.0,0.0,0.0
2029,pso,adaptive,49,159.9726925296431,3513.635315817206,1813.6455250999425,159.9726925296431,3513.635315817206,153.2663928314089,True,21.334564200020395,0.0,62,15,9,4,173,1717,1792.310960899922,3513.635315817206,159.9726925296431,0.1007571345369831,18.3862444800767,22.57332279334933,18.3862444800767
2029,pso,static_frozen,40,206.61185304733965,2799.218087764899,21.334564200020395,206.61185304733965,2799.218087764899,145.4712380088594,True,21.334564200020395,0.0,0,0,0,0,264,1871,0.0,2799.218087764899,206.61185304733965,0.1411010154997327,0.0,0.0,0.0
2029,pso,static_live,40,196.0119241058464,2763.44045184278,21.334564200020395,196.0119241058464,2763.44045184278,149.5464988624084,True,21.334564200020395,0.0,0,0,0,0,152,1964,0.0,2763.44045184278,196.0119241058464,0.0773930753564154,0.0,0.0,0.0
2030,aco,adaptive,48,173.94145021138863,3332.380788184789,663.8039683001116,173.94145021138863,3332.380788184789,136.66702680346515,True,31.84011709992774,0.0,5,5,9,2,182,1497,631.9638512001839,3332.380788184789,173.94145021138863,0.1215764863059452,-1.923066961448539,-0.0830307800994061,-1.923066961448539
2030,aco,static_frozen,47,173.7971450860332,3143.9184424767377,31.84011709992774,173.7971450860332,3143.9184424767377,129.61661995493748,True,31.84011709992774,0.0,0,0,0,0,230,1517,0.0,3143.9184424767377,173.7971450860332,0.1516150296638101,0.0,0.0,0.0
2030,aco,static_live,47,170.65955273616362,3143.1450077954787,31.84011709992774,170.65955273616362,3143.1450077954787,132.1419433190921,True,31.84011709992774,0.0,0,0,0,0,188,1495,0.0,3143.1450077954787,170.65955273616362,0.125752508361204,0.0,0.0,0.0
2030,ga,adaptive,41,189.9754483722191,2868.842077955973,2510.8104383001337,189.9754483722191,2868.842077955973,145.80238472621954,True,25.74775079998653,0.0,19,5,7,3,165,2088,2485.062687500147,2868.842077955973,189.9754483722191,0.0790229885057471,-4.320986981830681,-2.4191838016132685,-4.320986981830681
2030,ga,static_frozen,44,185.4881491149187,3150.4103709267906,25.74775079998653,185.4881491149187,3150.4103709267906,146.34969956943988,True,25.74775079998653,0.0,0,0,0,0,247,1897,0.0,3150.4103709267906,185.4881491149187,0.1302055877701634,0.0,0.0,0.0
2030,ga,static_live,43,182.1066439922646,3123.4394655696965,25.74775079998653,182.1066439922646,3123.4394655696965,147.74188175333884,True,25.74775079998653,0.0,0,0,0,0,209,1870,0.0,3123.4394655696965,182.1066439922646,0.1117647058823529,0.0,0.0,0.0
2030,nn,adaptive,43,219.23463818799056,3135.781080893326,62.49902869982179,219.23463818799056,3135.781080893326,132.5221267766176,True,10.21008449990768,0.0,25,2,8,1,191,1997,52.28894419991411,3135.781080893326,219.23463818799056,0.0956434651977966,2.545932786504433,5.207431822100948,2.545932786504433
2030,nn,static_frozen,43,231.2782978688252,3150.3281438591125,10.21008449990768,231.2782978688252,3150.3281438591125,129.72928208789764,True,10.21008449990768,0.0,0,0,0,0,253,2178,0.0,3150.3281438591125,231.2782978688252,0.1161616161616161,0.0,0.0,0.0
2030,nn,static_live,43,224.96202001267596,3104.351077311569,10.21008449990768,224.96202001267596,3104.351077311569,132.5221267766176,True,10.21008449990768,0.0,0,0,0,0,186,2209,0.0,3104.351077311569,224.96202001267596,0.0842009959257582,0.0,0.0,0.0
2030,proposed,adaptive,49,154.54373802086798,3256.9727664363872,1663.2407423002878,154.54373802086798,3256.9727664363872,133.79001509042212,True,1139.5955789000727,0.0,17,4,9,2,185,1707,523.6451634002151,3256.9727664363872,154.54373802086798,0.1083772700644405,-1.2107249399061182,2.4451618341484247,-1.2107249399061182
2030,proposed,static_frozen,50,158.4172973134663,3099.7223714939805,1139.5955789000727,158.4172973134663,3099.7223714939805,131.75311257901996,True,1139.5955789000727,0.0,0,0,0,0,238,1517,0.0,3099.7223714939805,158.4172973134663,0.1568885959129861,0.0,0.0,0.0
2030,proposed,static_live,49,152.6950213158026,3059.550171472765,1139.5955789000727,152.6950213158026,3059.550171472765,133.79001509042212,True,1139.5955789000727,0.0,0,0,0,0,175,1557,0.0,3059.550171472765,152.6950213158026,0.1123956326268465,0.0,0.0,0.0
2030,pso,adaptive,48,191.4691150285777,3422.6612046699897,2060.556781899766,191.4691150285777,3422.6612046699897,139.45245451001617,True,21.334564200020395,0.0,56,10,9,4,158,1918,2039.2222176997457,3422.6612046699897,191.4691150285777,0.0823774765380604,5.97435872579892,7.030177660944556,5.97435872579892
2030,pso,static_frozen,44,205.9475969850745,3035.3778195677337,21.334564200020395,205.9475969850745,3035.3778195677337,139.81058940830465,True,21.334564200020395,0.0,0,0,0,0,232,1871,0.0,3035.3778195677337,205.9475969850745,0.1239978621058257,0.0,0.0,0.0
2030,pso,static_live,43,203.635000446536,2951.124665687308,21.334564200020395,203.635000446536,2951.124665687308,142.12635671381176,True,21.334564200020395,0.0,0,0,0,0,159,1933,0.0,2951.124665687308,203.635000446536,0.082255561303673,0.0,0.0,0.0
2031,aco,adaptive,60,154.23703447679264,3861.036868527487,703.5519973000046,154.23703447679264,3861.036868527487,153.24348396465084,True,31.84011709992774,0.0,32,12,11,7,169,1762,671.7118802000768,3861.036868527487,154.23703447679264,0.0959137343927355,10.072186962903048,16.561292010998752,10.072186962903048
2031,aco,static_frozen,50,184.85069842778955,3343.3578683116853,31.84011709992774,184.85069842778955,3343.3578683116853,133.29223499183806,True,31.84011709992774,0.0,0,0,0,0,349,1517,0.0,3343.3578683116853,184.85069842778955,0.2300593276203032,0.0,0.0,0.0
2031,aco,static_live,51,171.51204868416727,3393.814085238975,31.84011709992774,171.51204868416727,3393.814085238975,141.75819375311613,True,31.84011709992774,0.0,0,0,0,0,216,1480,0.0,3393.814085238975,171.51204868416727,0.1459459459459459,0.0,0.0,0.0
2031,ga,adaptive,39,197.07327066018283,2594.579794926969,2551.1251604999416,197.07327066018283,2594.579794926969,142.26134373140988,True,25.74775079998653,0.0,12,3,7,2,204,1880,2525.377409699955,2594.579794926969,197.07327066018283,0.1085106382978723,-3.372516103829464,6.269743307140176,-3.372516103829464
2031,ga,static_frozen,48,210.25576757563223,3394.3160249854013,25.74775079998653,210.25576757563223,3394.3160249854013,130.81925281859844,True,25.74775079998653,0.0,0,0,0,0,310,1897,0.0,3394.3160249854013,210.25576757563223,0.1634159198734844,0.0,0.0,0.0
2031,ga,static_live,50,190.64377852836475,3559.743731723873,25.74775079998653,190.64377852836475,3559.743731723873,137.39093111667776,True,25.74775079998653,0.0,0,0,0,0,225,1874,0.0,3559.743731723873,190.64377852836475,0.1200640341515475,0.0,0.0,0.0
2031,nn,adaptive,43,198.58608607728752,3166.1683684634745,64.50716419983655,198.58608607728752,3166.1683684634745,139.216546188604,True,10.21008449990768,0.0,29,3,8,3,186,1905,54.29707969992887,3166.1683684634745,198.58608607728752,0.0976377952755905,12.2568505864341,26.79626419072209,12.2568505864341
2031,nn,static_frozen,43,271.2786224389911,3117.56852226056,10.21008449990768,271.2786224389911,3117.56852226056,118.66083880706692,True,10.21008449990768,0.0,0,0,0,0,518,2178,0.0,3117.56852226056,271.2786224389911,0.2378328741965105,0.0,0.0,0.0
2031,nn,static_live,44,226.32659917559815,3242.5903649014435,10.21008449990768,226.32659917559815,3242.5903649014435,136.4935719969792,True,10.21008449990768,0.0,0,0,0,0,225,2011,0.0,3242.5903649014435,226.32659917559815,0.1118846345101939,0.0,0.0,0.0
2031,proposed,adaptive,45,170.41337630910186,2795.686042942327,1714.588162199943,170.41337630910186,2795.686042942327,143.35247646385042,True,1139.5955789000727,0.0,15,3,8,2,161,1419,574.9925832998706,2795.686042942327,170.41337630910186,0.113460183227625,3.937788899393877,13.567308884517116,3.937788899393877
2031,proposed,static_frozen,45,197.1631035778028,2795.686042942327,1139.5955789000727,197.1631035778028,2795.686042942327,126.14834494385477,True,1139.5955789000727,0.0,0,0,0,0,272,1517,0.0,2795.686042942327,197.1631035778028,0.1793012524719841,0.0,0.0,0.0
2031,proposed,static_live,46,177.39897339092855,2895.956625398488,1139.5955789000727,177.39897339092855,2895.956625398488,139.01155448285863,True,1139.5955789000727,0.0,0,0,0,0,194,1481,0.0,2895.956625398488,177.39897339092855,0.1309925725860904,0.0,0.0,0.0
2031,pso,adaptive,44,196.542320831217,3205.7414844601963,1911.7068852998784,196.542320831217,3205.7414844601963,143.16882022750474,True,21.334564200020395,0.0,75,14,8,3,189,1719,1890.3723210998576,3205.7414844601963,196.542320831217,0.1099476439790576,6.316958007784492,20.376570902333476,6.316958007784492
2031,pso,static_frozen,40,246.83980966222532,2775.827198609305,21.334564200020395,246.83980966222532,2775.827198609305,118.90715805956596,True,21.334564200020395,0.0,0,0,0,0,370,1871,0.0,2775.827198609305,246.83980966222532,0.1977552111170497,0.0,0.0,0.0
2031,pso,static_live,44,209.7949817295093,3009.924242859037,21.334564200020395,209.7949817295093,3009.924242859037,138.83523233514504,True,21.334564200020395,0.0,0,0,0,0,227,1877,0.0,3009.924242859037,209.7949817295093,0.1209376664890783,0.0,0.0,0.0
2032,aco,adaptive,45,156.79983327692182,3238.6112360911834,654.5348759999033,156.79983327692182,3238.6112360911834,148.77636790339488,True,31.84011709992774,0.0,7,4,8,1,117,1634,622.6947588999756,3238.6112360911834,156.79983327692182,0.0716034271725826,2.2544626115397057,8.174823529349487,2.2544626115397057
2032,aco,static_frozen,47,170.75908732616347,3157.502558947361,31.84011709992774,170.75908732616347,3157.502558947361,135.20492271109904,True,31.84011709992774,0.0,0,0,0,0,152,1517,0.0,3157.502558947361,170.75908732616347,0.1001977587343441,0.0,0.0,0.0
2032,aco,static_live,48,160.41636013904957,3194.2415960964704,31.84011709992774,160.41636013904957,3194.2415960964704,142.97133496297002,True,31.84011709992774,0.0,0,0,0,0,123,1549,0.0,3194.2415960964704,160.41636013904957,0.0794060684312459,0.0,0.0,0.0
2032,ga,adaptive,39,171.1129953558103,2885.0036696613743,2669.1488398002693,171.1129953558103,2885.0036696613743,148.35411161751426,True,25.74775079998653,0.0,9,5,7,2,124,1932,2643.401089000283,2885.0036696613743,171.1129953558103,0.0641821946169772,-0.3305214919285852,5.175239808705859,-0.3305214919285852
2032,ga,static_frozen,42,180.451809222208,3061.960214935573,25.74775079998653,180.451809222208,3061.960214935573,138.66987793092497,True,25.74775079998653,0.0,0,0,0,0,178,1897,0.0,3061.960214935573,180.451809222208,0.0938323668950975,0.0,0.0,0.0
2032,ga,static_live,42,170.54929328716392,3061.960214935573,25.74775079998653,170.54929328716392,3061.960214935573,145.74728284215834,True,25.74775079998653,0.0,0,0,0,0,146,1932,0.0,3061.960214935573,170.54929328716392,0.0755693581780538,0.0,0.0,0.0
2032,nn,adaptive,43,207.14715843766743,3080.946538640946,62.10928609967232,207.14715843766743,3080.946538640946,149.38282033598824,True,10.21008449990768,0.0,38,8,8,3,137,2261,51.89920159976464,3080.946538640946,207.14715843766743,0.0605926581158779,0.1096666786453872,8.868632700586309,0.1096666786453872
2032,nn,static_frozen,42,227.3061017037985,3064.059508250027,10.21008449990768,227.3061017037985,3064.059508250027,136.5601050492327,True,10.21008449990768,0.0,0,0,0,0,314,2178,0.0,3064.059508250027,227.3061017037985,0.1441689623507805,0.0,0.0,0.0
2032,nn,static_live,44,207.37457925108697,3161.90343869435,10.21008449990768,207.37457925108697,3161.90343869435,145.88509678993827,True,10.21008449990768,0.0,0,0,0,0,176,2244,0.0,3161.90343869435,207.37457925108697,0.0784313725490196,0.0,0.0,0.0
2032,proposed,adaptive,53,157.17731782819584,3352.041482752965,1706.0351079995744,157.17731782819584,3352.041482752965,137.86681545035051,True,1139.5955789000727,0.0,6,3,10,1,112,1582,566.4395290995017,3352.041482752965,157.17731782819584,0.0707964601769911,-0.6202908455631442,7.0823074496403065,-0.6202908455631442
2032,proposed,static_frozen,49,169.15757754424283,3043.9371842819164,1139.5955789000727,169.15757754424283,3043.9371842819164,129.88127501708723,True,1139.5955789000727,0.0,0,0,0,0,168,1517,0.0,3043.9371842819164,169.15757754424283,0.1107448912326961,0.0,0.0,0.0
2032,proposed,static_live,53,156.20837159916297,3278.001190035196,1139.5955789000727,156.20837159916297,3278.001190035196,137.86681545035051,True,1139.5955789000727,0.0,0,0,0,0,133,1560,0.0,3278.001190035196,156.20837159916297,0.0852564102564102,0.0,0.0,0.0
2032,pso,adaptive,53,168.78951948916017,3699.649537404388,1945.8434003001312,168.78951948916017,3699.649537404388,147.89209132957689,True,21.334564200020395,0.0,54,9,10,2,118,1901,1924.5088361001108,3699.649537404388,168.78951948916017,0.0620725933719095,12.75612103288721,21.68968392836235,12.75612103288721
2032,pso,static_frozen,44,215.5393158351613,3025.2574246651984,21.334564200020395,215.5393158351613,3025.2574246651984,137.5008571089451,True,21.334564200020395,0.0,0,0,0,0,217,1871,0.0,3025.2574246651984,215.5393158351613,0.1159807589524318,0.0,0.0,0.0
2032,pso,static_live,49,193.4686094743525,3312.009159248854,21.334564200020395,193.4686094743525,3312.009159248854,144.93255560402483,True,21.334564200020395,0.0,0,0,0,0,149,1927,0.0,3312.009159248854,193.4686094743525,0.0773222625843279,0.0,0.0,0.0
2033,aco,adaptive,46,148.82397424205928,3280.591568620428,664.6744857996237,148.82397424205928,3280.591568620428,150.25154887889428,True,31.84011709992774,0.0,15,10,8,3,139,1730,632.8343686996959,3280.591568620428,148.82397424205928,0.0803468208092485,3.065699007128296,8.119013799082788,3.065699007128296
2033,aco,static_frozen,47,161.97472447305276,3140.7929425670973,31.84011709992774,161.97472447305276,3140.7929425670973,133.55024078985497,True,31.84011709992774,0.0,0,0,0,0,158,1517,0.0,3140.7929425670973,161.97472447305276,0.1041529334212261,0.0,0.0,0.0
2033,aco,static_live,50,153.53076539232836,3338.61947905317,31.84011709992774,153.53076539232836,3338.61947905317,136.2687064516721,True,31.84011709992774,0.0,0,0,0,0,135,1573,0.0,3338.61947905317,153.53076539232836,0.0858232676414494,0.0,0.0,0.0
2033,ga,adaptive,41,171.08584598794533,2863.466238295384,2853.597657299717,171.08584598794533,2863.466238295384,151.39686354398825,True,25.74775079998653,0.0,10,6,7,2,145,1994,2827.8499064997304,2863.466238295384,171.08584598794533,0.0727181544633901,-5.478257169086354,-3.1725801224754187,-5.478257169086354
2033,ga,static_frozen,43,165.82491761362425,3104.988154663078,25.74775079998653,165.82491761362425,3104.988154663078,152.03453818604132,True,25.74775079998653,0.0,0,0,0,0,168,1897,0.0,3104.988154663078,165.82491761362425,0.088560885608856,0.0,0.0,0.0
2033,ga,static_live,43,162.20010699805846,3104.988154663078,25.74775079998653,162.20010699805846,3104.988154663078,152.03453818604132,True,25.74775079998653,0.0,0,0,0,0,149,1912,0.0,3104.988154663078,162.20010699805846,0.077928870292887,0.0,0.0,0.0
2033,nn,adaptive,42,182.4147699067975,3092.099807488264,62.87595469993539,182.4147699067975,3092.099807488264,151.34093005847575,True,10.21008449990768,0.0,35,7,8,3,202,2162,52.66587020002771,3092.099807488264,182.4147699067975,0.093432007400555,5.8414198346656825,13.328557689635328,5.8414198346656825
2033,nn,static_frozen,42,210.46698317720652,3051.525269352488,10.21008449990768,210.46698317720652,3051.525269352488,138.63177435840674,True,10.21008449990768,0.0,0,0,0,0,286,2178,0.0,3051.525269352488,210.46698317720652,0.1313131313131313,0.0,0.0,0.0
2033,nn,static_live,49,193.73143646228837,3517.6170749384714,10.21008449990768,193.73143646228837,3517.6170749384714,140.11790797528337,True,10.21008449990768,0.0,0,0,0,0,180,2231,0.0,3517.6170749384714,193.73143646228837,0.080681308830121,0.0,0.0,0.0
2033,proposed,adaptive,58,147.876276910834,3566.0620005591754,1737.8714890001577,147.876276910834,3566.0620005591754,134.29410910110957,True,1139.5955789000727,0.0,3,5,11,1,54,1581,598.2759101000847,3566.0620005591754,147.876276910834,0.0341555977229601,0.554511498486521,7.728498503498717,0.554511498486521
2033,proposed,static_frozen,49,160.26213350006137,3072.8405227147564,1139.5955789000727,160.26213350006137,3072.8405227147564,129.22778865695398,True,1139.5955789000727,0.0,0,0,0,0,174,1517,0.0,3072.8405227147564,160.26213350006137,0.1147000659195781,0.0,0.0,0.0
2033,proposed,static_live,58,148.70084016791114,3584.650065538301,1139.5955789000727,148.70084016791114,3584.650065538301,133.73545567525804,True,1139.5955789000727,0.0,0,0,0,0,55,1583,0.0,3584.650065538301,148.70084016791114,0.0347441566645609,0.0,0.0,0.0
2033,pso,adaptive,48,164.42741542522393,3422.6576817075083,1859.1410967997508,164.42741542522393,3422.6576817075083,151.35145333155225,True,21.334564200020395,0.0,62,14,9,4,216,1856,1837.8065325997304,3422.6576817075083,164.42741542522393,0.1163793103448275,10.592345529854148,19.636660283989716,10.592345529854148
2033,pso,static_frozen,46,204.60500522536904,3094.790832790581,21.334564200020395,204.60500522536904,3094.790832790581,133.02993965709888,True,21.334564200020395,0.0,0,0,0,0,271,1871,0.0,3094.790832790581,204.60500522536904,0.1448423303046499,0.0,0.0,0.0
2033,pso,static_live,51,183.90753722336825,3435.538207922898,21.334564200020395,183.90753722336825,3435.538207922898,141.1394920274656,True,21.334564200020395,0.0,0,0,0,0,159,1932,0.0,3435.538207922898,183.90753722336825,0.0822981366459627,0.0,0.0,0.0
2034,aco,adaptive,64,161.9204293854704,4168.59427169528,728.361339700059,161.9204293854704,4168.59427169528,153.93576808586332,True,31.84011709992774,0.0,32,13,12,4,73,2085,696.5212226001313,4168.59427169528,161.9204293854704,0.0350119904076738,-1.5070418075131156,3.1239086993102454,-1.5070418075131156
2034,aco,static_frozen,47,167.14178618426314,3143.499158791168,31.84011709992774,167.14178618426314,3143.499158791168,130.13580758947268,True,31.84011709992774,0.0,0,0,0,0,231,1517,0.0,3143.499158791168,167.14178618426314,0.1522742254449571,0.0,0.0,0.0
2034,aco,static_live,47,159.51644979716644,3142.7257241099087,31.84011709992774,159.51644979716644,3142.7257241099087,133.095491865507,True,31.84011709992774,0.0,0,0,0,0,181,1502,0.0,3142.7257241099087,159.51644979716644,0.1205059920106524,0.0,0.0,0.0
2034,ga,adaptive,50,162.74605777104256,3337.669881611641,2730.036870599957,162.74605777104256,3337.669881611641,151.62153400242082,True,25.74775079998653,0.0,24,9,9,4,158,1979,2704.28911979997,3337.669881611641,162.74605777104256,0.0798383021728145,-0.8163948877603868,3.725252670480377,-0.8163948877603868
2034,ga,static_frozen,45,169.0433496688509,3232.583408073239,25.74775079998653,169.0433496688509,3232.583408073239,153.24914344512445,True,25.74775079998653,0.0,0,0,0,0,256,1897,0.0,3232.583408073239,169.0433496688509,0.1349499209277807,0.0,0.0,0.0
2034,ga,static_live,45,161.4281664725553,3270.50856254759,25.74775079998653,161.4281664725553,3270.50856254759,154.76146553532345,True,25.74775079998653,0.0,0,0,0,0,181,1824,0.0,3270.50856254759,161.4281664725553,0.0992324561403508,0.0,0.0,0.0
2034,nn,adaptive,53,157.8387745503856,3730.13023648505,85.28334060020279,157.8387745503856,3730.13023648505,139.60337299701104,True,10.21008449990768,0.0,37,2,10,2,105,2059,75.07325610029511,3730.13023648505,157.8387745503856,0.0509956289460903,17.433995364953454,21.8016318433259,17.433995364953454
2034,nn,static_frozen,43,201.84407714768196,3112.375747400699,10.21008449990768,201.84407714768196,3112.375747400699,132.16050141031795,True,10.21008449990768,0.0,0,0,0,0,220,2178,0.0,3112.375747400699,201.84407714768196,0.101010101010101,0.0,0.0,0.0
2034,nn,static_live,44,191.1667825614857,3170.349633175184,10.21008449990768,191.1667825614857,3170.349633175184,134.8664875937874,True,10.21008449990768,0.0,0,0,0,0,151,2183,0.0,3170.349633175184,191.1667825614857,0.0691708657810352,0.0,0.0,0.0
2034,proposed,adaptive,49,171.0111885735448,3176.862679277553,1756.641772800358,171.0111885735448,3176.862679277553,139.6661492147751,True,1139.5955789000727,0.0,11,5,9,1,192,1759,617.0461939002853,3176.862679277553,171.0111885735448,0.1091529277998862,-5.53282231280144,3.486170950834814,-5.53282231280144
2034,proposed,static_frozen,49,177.18827473566495,3053.689502819297,1139.5955789000727,177.18827473566495,3053.689502819297,130.01715364481836,True,1139.5955789000727,0.0,0,0,0,0,248,1517,0.0,3053.689502819297,177.18827473566495,0.1634805537244561,0.0,0.0,0.0
2034,proposed,static_live,55,162.04549904546678,3411.0363194522856,1139.5955789000727,162.04549904546678,3411.0363194522856,134.1285072073354,True,1139.5955789000727,0.0,0,0,0,0,119,1614,0.0,3411.0363194522856,162.04549904546678,0.0737298636926889,0.0,0.0,0.0
2034,pso,adaptive,47,165.9232086013681,3381.981526892389,1892.3976106001064,165.9232086013681,3381.981526892389,143.1966309256439,True,21.334564200020395,0.0,78,18,9,5,132,1912,1871.063046400086,3381.981526892389,165.9232086013681,0.0690376569037656,3.767313772630319,9.25393676619615,3.767313772630319
2034,pso,static_frozen,44,182.8434233823159,3036.529061236185,21.334564200020395,182.8434233823159,3036.529061236185,135.28272204757354,True,21.334564200020395,0.0,0,0,0,0,200,1871,0.0,3036.529061236185,182.8434233823159,0.1068947087119187,0.0,0.0,0.0
2034,pso,static_live,50,172.4187644615262,3360.2988255931464,21.334564200020395,172.4187644615262,3360.2988255931464,139.8879485177282,True,21.334564200020395,0.0,0,0,0,0,138,1958,0.0,3360.2988255931464,172.4187644615262,0.0704800817160367,0.0,0.0,0.0
2035,aco,adaptive,54,155.63833996357715,3779.083640274505,688.8658455000259,155.63833996357715,3779.083640274505,152.76757338755428,True,31.84011709992774,0.0,19,8,10,3,99,1719,657.0257284000982,3779.083640274505,155.63833996357715,0.0575916230366492,4.680026080141761,15.33292318725398,4.680026080141761
2035,aco,static_frozen,49,183.82392049248935,3279.155584262288,31.84011709992774,183.82392049248935,3279.155584262288,145.56820469284037,True,31.84011709992774,0.0,0,0,0,0,242,1517,0.0,3279.155584262288,183.82392049248935,0.1595253790375741,0.0,0.0,0.0
2035,aco,static_live,51,163.2798809769215,3393.713345566114,31.84011709992774,163.2798809769215,3393.713345566114,146.33203426484883,True,31.84011709992774,0.0,0,0,0,0,155,1479,0.0,3393.713345566114,163.2798809769215,0.1048005409060175,0.0,0.0,0.0
2035,ga,adaptive,43,192.38994914311365,2824.858387152095,2626.5159468002385,192.38994914311365,2824.858387152095,140.2499229732931,True,25.74775079998653,0.0,6,6,8,2,153,1833,2600.768196000252,2824.858387152095,192.38994914311365,0.0834697217675941,0.6567181211196739,4.176183735433598,0.6567181211196739
2035,ga,static_frozen,46,200.7746681805401,3299.427241167063,25.74775079998653,200.7746681805401,3299.427241167063,142.01941148051483,True,25.74775079998653,0.0,0,0,0,0,188,1897,0.0,3299.427241167063,200.7746681805401,0.0991038481813389,0.0,0.0,0.0
2035,ga,static_live,46,193.6617610214208,3298.3359920359926,25.74775079998653,193.6617610214208,3298.3359920359926,142.4812934036031,True,25.74775079998653,0.0,0,0,0,0,153,1862,0.0,3298.3359920359926,193.6617610214208,0.0821697099892588,0.0,0.0,0.0
2035,nn,adaptive,43,201.31303307813064,3166.1683684634745,65.24749869969673,201.31303307813064,3166.1683684634745,140.47261975383657,True,10.21008449990768,0.0,32,2,8,3,120,2032,55.037414199789055,3166.1683684634745,201.31303307813064,0.0590551181102362,9.628054155198246,20.892204371209143,9.628054155198246
2035,nn,static_frozen,40,254.47938661163224,3016.4361938064058,10.21008449990768,254.47938661163224,3016.4361938064058,132.8983636349264,True,10.21008449990768,0.0,0,0,0,0,358,2178,0.0,3016.4361938064058,254.47938661163224,0.1643709825528007,0.0,0.0,0.0
2035,nn,static_live,43,222.76053834654732,3159.7320389380207,10.21008449990768,222.76053834654732,3159.7320389380207,141.4576931008449,True,10.21008449990768,0.0,0,0,0,0,149,2055,0.0,3159.7320389380207,222.76053834654732,0.0725060827250608,0.0,0.0,0.0
2035,proposed,adaptive,47,152.93614201827344,2960.893383070109,1780.9524220996536,152.93614201827344,2960.893383070109,138.49558788023177,True,1139.5955789000727,0.0,5,3,9,1,102,1488,641.3568431995809,2960.893383070109,152.93614201827344,0.0685483870967741,0.1252004770809693,6.524918366028669,0.1252004770809693
2035,proposed,static_frozen,47,163.61166991769963,2960.893383070109,1139.5955789000727,163.61166991769963,2960.893383070109,138.49558788023177,True,1139.5955789000727,0.0,0,0,0,0,131,1517,0.0,2960.893383070109,163.61166991769963,0.086354647330257,0.0,0.0,0.0
2035,proposed,static_live,47,153.12785882807006,2960.893383070109,1139.5955789000727,153.12785882807006,2960.893383070109,138.49558788023177,True,1139.5955789000727,0.0,0,0,0,0,102,1488,0.0,2960.893383070109,153.12785882807006,0.0685483870967741,0.0,0.0,0.0
2035,pso,adaptive,61,193.97038054636843,4087.8492776160183,2082.7762378996704,193.97038054636843,4087.8492776160183,142.24845821309978,True,21.334564200020395,0.0,58,12,11,3,131,1929,2061.44167369965,4087.8492776160183,193.97038054636843,0.0679108346293416,5.754566054734911,16.952673208478053,5.754566054734911
2035,pso,static_frozen,42,233.56607375611551,2871.0956388679733,21.334564200020395,233.56607375611551,2871.0956388679733,135.17885122192857,True,21.334564200020395,0.0,0,0,0,0,258,1871,0.0,2871.0956388679733,233.56607375611551,0.1378941742383752,0.0,0.0,0.0
2035,pso,static_live,42,205.81408820189696,3086.82065935303,21.334564200020395,205.81408820189696,3086.82065935303,140.7670660781102,True,21.334564200020395,0.0,0,0,0,0,123,1853,0.0,3086.82065935303,205.81408820189696,0.066378845116028,0.0,0.0,0.0
