start_hour,run_id,method,n_bins,vehicles,seed,energy_kwh,battery_remaining_mean_kwh,battery_remaining_min_kwh,battery_remaining_total_kwh,oracle_prep_s,runtime_s,makespan_s,served_bins,served_demand_kg,active_vehicles,exact_coverage,capacity_feasible,battery_feasible,return_feasible,feasible,exact_global_factor_graph,rounds,converged
0,aco_n84_k10_h00_s7,aco,84,10,7,99.14027334818468,170.08597266518152,155.6728968209042,1700.8597266518152,13.83584419998806,34.100393900007475,2618.729865428997,84,13168.0,10,True,True,True,True,True,,,
0,ga_n84_k10_h00_s7,ga,84,10,7,108.2364377341352,169.17635622658648,159.38557716463396,1691.7635622658647,13.83584419998806,30.466236800013576,2797.23022546644,84,13168.0,10,True,True,True,True,True,,,
0,nn_n84_k10_h00_s7,nn,84,10,7,122.21758102418222,167.77824189758178,159.1811799204133,1677.7824189758178,13.83584419998806,0.318039099976886,2972.330281135701,84,13168.0,10,True,True,True,True,True,,,
0,proposed_n84_k10_h00_s7,proposed,84,10,7,95.48205883464917,170.45179411653507,151.22791156282602,1704.5179411653507,13.233846199931577,1480.4146833999548,2858.6420714817746,84,13168.0,10,True,True,True,True,True,False,64.0,False
0,pso_n84_k10_h00_s7,pso,84,10,7,117.37529753671907,168.2624702463281,160.00172665496376,1682.624702463281,13.83584419998806,18.250712700013537,2806.2054637562665,84,13168.0,10,True,True,True,True,True,,,
1,aco_n84_k10_h01_s7,aco,84,10,7,85.99624663606323,171.4003753363937,161.21187102258807,1714.0037533639368,12.27992020000238,35.7344864999759,2514.0242394841075,84,13168.0,10,True,True,True,True,True,,,
1,ga_n84_k10_h01_s7,ga,84,10,7,86.17487931776097,171.3825120682239,161.20713117945152,1713.825120682239,12.27992020000238,27.675190199981444,2437.780276297045,84,13168.0,10,True,True,True,True,True,,,
1,nn_n84_k10_h01_s7,nn,84,10,7,99.9729818461522,170.0027018153848,158.84675628224971,1700.0270181538478,12.27992020000238,0.2941894000396132,2642.883571177825,84,13168.0,10,True,True,True,True,True,,,
1,proposed_n84_k10_h01_s7,proposed,84,10,7,81.93279222777255,171.80672077722275,162.0420264190882,1718.0672077722274,13.24554110004101,1990.8289241000311,2747.430107653144,84,13168.0,10,True,True,True,True,True,False,64.0,True
1,pso_n84_k10_h01_s7,pso,84,10,7,95.6312179848694,170.43687820151305,160.07321663676112,1704.3687820151306,12.27992020000238,17.556795999989845,2682.66983777122,84,13168.0,10,True,True,True,True,True,,,
2,aco_n84_k10_h02_s7,aco,84,10,7,84.79678356246298,171.5203216437537,161.22992361217732,1715.203216437537,11.82893990003504,33.19226369995158,2505.6248592641005,84,13168.0,10,True,True,True,True,True,,,
2,ga_n84_k10_h02_s7,ga,84,10,7,86.79480530622692,171.3205194693773,163.91527919519294,1713.2051946937731,11.82893990003504,25.21777689998271,2438.636963934201,84,13168.0,10,True,True,True,True,True,,,
2,nn_n84_k10_h02_s7,nn,84,10,7,100.06390832318588,169.99360916768143,159.0558635607588,1699.9360916768142,11.82893990003504,0.3465738999657333,2654.940001317053,84,13168.0,10,True,True,True,True,True,,,
2,proposed_n84_k10_h02_s7,proposed,84,10,7,79.84202872929262,172.01579712707073,164.1561303670559,1720.157971270707,13.255583900026975,1864.0462111999516,2500.4167510079187,84,13168.0,10,True,True,True,True,True,False,64.0,False
2,pso_n84_k10_h02_s7,pso,84,10,7,94.83195826461775,170.51680417353822,156.15152276868355,1705.1680417353823,11.82893990003504,16.633475799986627,2902.133323545233,84,13168.0,10,True,True,True,True,True,,,
3,aco_n84_k10_h03_s7,aco,84,10,7,87.52873831307458,171.24712616869255,162.06937221727054,1712.4712616869251,12.509636699978728,32.18839659995865,2815.7326610816654,84,13168.0,10,True,True,True,True,True,,,
3,ga_n84_k10_h03_s7,ga,84,10,7,91.29349095242765,170.87065090475724,164.73476798997686,1708.7065090475724,12.509636699978728,26.596866499981843,2640.9563758642867,84,13168.0,10,True,True,True,True,True,,,
3,nn_n84_k10_h03_s7,nn,84,10,7,105.92988401711084,169.4070115982889,162.81353981607975,1694.070115982889,12.509636699978728,0.2916699999477714,2699.1196806029075,84,13168.0,10,True,True,True,True,True,,,
3,proposed_n84_k10_h03_s7,proposed,84,10,7,85.31521922422048,171.46847807757794,158.54734462672624,1714.6847807757797,13.086814400041476,1098.759030999965,3061.092949056481,84,13168.0,10,True,True,True,True,True,False,64.0,False
3,pso_n84_k10_h03_s7,pso,84,10,7,104.3931909100469,169.5606809089953,163.19221119511823,1695.606809089953,12.509636699978728,16.37675770005444,2648.7649702390545,84,13168.0,10,True,True,True,True,True,,,
4,aco_n84_k10_h04_s7,aco,84,10,7,83.7075347152783,171.62924652847215,159.58058744167226,1716.2924652847216,12.36479279998457,33.58324680000078,2605.8323772011054,84,13168.0,10,True,True,True,True,True,,,
4,ga_n84_k10_h04_s7,ga,84,10,7,88.48539654510957,171.15146034548906,163.74124708464834,1711.5146034548904,12.36479279998457,30.64597070001764,2676.1642229637337,84,13168.0,10,True,True,True,True,True,,,
4,nn_n84_k10_h04_s7,nn,84,10,7,102.71235738767786,169.7287642612322,160.4038521500087,1697.287642612322,12.36479279998457,0.3444210999878123,3035.652370253684,84,13168.0,10,True,True,True,True,True,,,
4,proposed_n84_k10_h04_s7,proposed,84,10,7,78.19759531800982,172.180240468199,161.74746388884725,1721.80240468199,13.16025419998914,2281.111554199946,2626.341835471548,84,13168.0,10,True,True,True,True,True,False,64.0,False
4,pso_n84_k10_h04_s7,pso,84,10,7,98.0566455616479,170.1943354438352,162.60552774788442,1701.943354438352,12.36479279998457,19.492066400009207,2572.264863872153,84,13168.0,10,True,True,True,True,True,,,
5,aco_n84_k10_h05_s7,aco,84,10,7,88.1454992430999,171.18545007569,163.06506857445646,1711.8545007569,11.930336500052364,33.76085500000045,2875.463795648613,84,13168.0,10,True,True,True,True,True,,,
5,ga_n84_k10_h05_s7,ga,84,10,7,90.6932398171356,170.93067601828642,161.08186490169362,1709.3067601828643,11.930336500052364,27.20296700001927,2560.648351482438,84,13168.0,10,True,True,True,True,True,,,
5,nn_n84_k10_h05_s7,nn,84,10,7,104.33449833770275,169.56655016622972,163.13821832239282,1695.6655016622972,11.930336500052364,0.3055569000425748,2604.965204170787,84,13168.0,10,True,True,True,True,True,,,
5,proposed_n84_k10_h05_s7,proposed,84,10,7,82.74503329804283,171.7254966701957,161.81216475805556,1717.254966701957,10.761842499952763,979.9838247000008,2653.358524065653,84,13168.0,10,True,True,True,True,True,False,64.0,False
5,pso_n84_k10_h05_s7,pso,84,10,7,100.34350527462836,169.96564947253717,163.51500417849684,1699.6564947253717,11.930336500052364,17.761204799986444,2878.2370664716973,84,13168.0,10,True,True,True,True,True,,,
6,aco_n84_k10_h06_s7,aco,84,10,7,92.96996975097976,170.70300302490202,158.04800382663896,1707.0300302490202,12.253337099973578,34.05519030004507,2533.2653442617348,84,13168.0,10,True,True,True,True,True,,,
6,ga_n84_k10_h06_s7,ga,84,10,7,101.01510220794124,169.89848977920587,163.40862225482985,1698.9848977920587,12.253337099973578,26.771414899965748,2621.151236031211,84,13168.0,10,True,True,True,True,True,,,
6,nn_n84_k10_h06_s7,nn,84,10,7,119.13530685094098,168.0864693149059,162.69008278346655,1680.8646931490591,12.253337099973578,0.3285754999960772,3018.7346854671723,84,13168.0,10,True,True,True,True,True,,,
6,proposed_n84_k10_h06_s7,proposed,84,10,7,89.34247042498616,171.0657529575014,161.23556909524734,1710.6575295750138,12.121093500056304,1515.8866939001018,2598.0608007007468,84,13168.0,10,True,True,True,True,True,False,64.0,False
6,pso_n84_k10_h06_s7,pso,84,10,7,112.11765105405502,168.7882348945945,159.62379043204638,1687.882348945945,12.253337099973578,18.241980600054376,2956.6213567073914,84,13168.0,10,True,True,True,True,True,,,
7,aco_n84_k10_h07_s7,aco,84,10,7,113.0225267711372,168.6977473228863,155.79063567354856,1686.977473228863,12.204008499975316,34.70664390001912,2704.5165277697606,84,13168.0,10,True,True,True,True,True,,,
7,ga_n84_k10_h07_s7,ga,84,10,7,120.13098869647996,167.986901130352,156.3256065405137,1679.86901130352,12.204008499975316,26.205745499988552,3091.654171640421,84,13168.0,10,True,True,True,True,True,,,
7,nn_n84_k10_h07_s7,nn,84,10,7,133.30479709605228,166.6695202903948,161.89775204616276,1666.6952029039478,12.204008499975316,0.3792963000014424,2601.131528814738,84,13168.0,10,True,True,True,True,True,,,
7,proposed_n84_k10_h07_s7,proposed,84,10,7,106.0050341075926,169.39949658924075,153.65781533526314,1693.9949658924074,14.349457300035285,1693.0839047000045,2940.8747647106165,84,13168.0,10,True,True,True,True,True,False,64.0,False
7,pso_n84_k10_h07_s7,pso,84,10,7,123.11883922074529,167.68811607792549,160.94577496832068,1676.8811607792547,12.204008499975316,19.988726300012782,2786.635612518023,84,13168.0,10,True,True,True,True,True,,,
8,aco_n84_k10_h08_s7,aco,84,10,7,129.26913066647768,167.07308693335224,153.47092178957217,1670.7308693335224,11.174288800044453,33.15511890000198,2505.378407550235,84,13168.0,10,True,True,True,True,True,,,
8,ga_n84_k10_h08_s7,ga,84,10,7,137.10053796558628,166.2899462034414,156.6525831556383,1662.8994620344138,11.174288800044453,25.13865649997024,3173.9526701708405,84,13168.0,10,True,True,True,True,True,,,
8,nn_n84_k10_h08_s7,nn,84,10,7,159.850489663433,164.0149510336567,151.59943751859768,1640.149510336567,11.174288800044453,0.364278299966827,2934.16995413361,84,13168.0,10,True,True,True,True,True,,,
8,proposed_n84_k10_h08_s7,proposed,84,10,7,120.78712040345724,167.92128795965428,157.2398286781228,1679.2128795965427,13.68889999995008,1347.883248499944,2747.1273883302624,84,13168.0,10,True,True,True,True,True,False,64.0,False
8,pso_n84_k10_h08_s7,pso,84,10,7,151.12699795836406,164.8873002041636,152.70284930724492,1648.873002041636,11.174288800044453,15.209969100018498,3220.2234501665434,84,13168.0,10,True,True,True,True,True,,,
9,aco_n84_k10_h09_s7,aco,84,10,7,139.5109317487668,166.0489068251233,143.61168861150384,1660.4890682512332,11.604455100023188,34.24262529995758,3411.985153042631,84,13168.0,10,True,True,True,True,True,,,
9,ga_n84_k10_h09_s7,ga,84,10,7,149.18605040021217,165.08139495997878,148.71218030021893,1650.8139495997875,11.604455100023188,25.673306000011507,3141.554824578801,84,13168.0,10,True,True,True,True,True,,,
9,nn_n84_k10_h09_s7,nn,84,10,7,164.2910661332142,163.5708933866786,152.70921811860254,1635.708933866786,11.604455100023188,0.3177148000104353,3082.2859040174294,84,13168.0,10,True,True,True,True,True,,,
9,proposed_n84_k10_h09_s7,proposed,84,10,7,134.68951584347877,166.53104841565212,152.51814976619647,1665.3104841565212,10.177960000000894,898.5108354999684,2885.7625472435666,84,13168.0,10,True,True,True,True,True,False,64.0,False
9,pso_n84_k10_h09_s7,pso,84,10,7,158.39808532195673,164.1601914678043,152.82775995377511,1641.6019146780432,11.604455100023188,17.408762500039302,3213.134471526831,84,13168.0,10,True,True,True,True,True,,,
10,aco_n84_k10_h10_s7,aco,84,10,7,161.80601377173042,163.81939862282695,149.84159267779785,1638.1939862282695,11.3705155000207,34.098440400033724,3611.051140985701,84,13168.0,10,True,True,True,True,True,,,
10,ga_n84_k10_h10_s7,ga,84,10,7,166.57786230309637,163.34221376969035,150.81348226314165,1633.4221376969035,11.3705155000207,25.343240200018045,2688.83584117649,84,13168.0,10,True,True,True,True,True,,,
10,nn_n84_k10_h10_s7,nn,84,10,7,189.1440255412604,161.08559744587396,149.95372626886933,1610.8559744587396,11.3705155000207,0.3047218999709002,3016.1957723588694,84,13168.0,10,True,True,True,True,True,,,
10,proposed_n84_k10_h10_s7,proposed,84,10,7,156.36884993325666,164.36311500667435,152.8236324932003,1643.6311500667434,13.31215830007568,1429.6162048999686,3114.5927663326725,84,13168.0,10,True,True,True,True,True,False,64.0,False
10,pso_n84_k10_h10_s7,pso,84,10,7,184.1823253506232,161.58176746493768,150.81348226314165,1615.8176746493768,11.3705155000207,18.78609579999465,2781.7140753397643,84,13168.0,10,True,True,True,True,True,,,
11,aco_n84_k10_h11_s7,aco,84,10,7,172.22520562321756,162.77747943767824,150.16263203148654,1627.7747943767824,11.311938899976669,33.54317900002934,2809.0542237216923,84,13168.0,10,True,True,True,True,True,,,
11,ga_n84_k10_h11_s7,ga,84,10,7,188.5221346190773,161.14778653809225,148.43964693700903,1611.4778653809226,11.311938899976669,24.500743100012187,2806.7665595966096,84,13168.0,10,True,True,True,True,True,,,
11,nn_n84_k10_h11_s7,nn,84,10,7,211.34676048403443,158.86532395159657,141.73860231570643,1588.6532395159657,11.311938899976669,0.2831783999572508,2923.242795305274,84,13168.0,10,True,True,True,True,True,,,
11,proposed_n84_k10_h11_s7,proposed,84,10,7,164.67866901320875,163.53213309867914,151.44637932944687,1635.3213309867913,12.435933399945498,1375.7250003000954,3261.593200727614,84,13168.0,10,True,True,True,True,True,False,64.0,False
11,pso_n84_k10_h11_s7,pso,84,10,7,203.61452982349496,159.63854701765052,142.22222064390365,1596.3854701765051,11.311938899976669,17.627593000011984,2891.352817598668,84,13168.0,10,True,True,True,True,True,,,
12,aco_n84_k10_h12_s7,aco,84,10,7,172.6131583882625,162.73868416117375,137.7300452130208,1627.3868416117375,11.68351410003379,33.477689300023485,4126.429419559268,84,13168.0,10,True,True,True,True,True,,,
12,ga_n84_k10_h12_s7,ga,84,10,7,187.6981374297124,161.23018625702875,138.22135753022428,1612.3018625702875,11.68351410003379,27.30370429996401,2991.7804778880345,84,13168.0,10,True,True,True,True,True,,,
12,nn_n84_k10_h12_s7,nn,84,10,7,211.10589415205257,158.88941058479477,144.0768207478736,1588.8941058479477,11.68351410003379,0.3454132999759167,3267.51822060145,84,13168.0,10,True,True,True,True,True,,,
12,proposed_n84_k10_h12_s7,proposed,84,10,7,168.0654725273639,163.19345274726362,148.88962371613522,1631.934527472636,11.346923099947162,1287.5233983000508,2906.0258791248525,84,13168.0,10,True,True,True,True,True,False,64.0,False
12,pso_n84_k10_h12_s7,pso,84,10,7,201.22637342008653,159.87736265799134,142.12554891992858,1598.7736265799135,11.68351410003379,17.372223200043663,3425.177228874799,84,13168.0,10,True,True,True,True,True,,,
13,aco_n84_k10_h13_s7,aco,84,10,7,158.73096844111768,164.1269031558882,148.77780339768967,1641.2690315588825,12.263576600002123,34.314054600021336,3448.552163767992,84,13168.0,10,True,True,True,True,True,,,
13,ga_n84_k10_h13_s7,ga,84,10,7,174.08295977574602,162.5917040224254,153.37050025396974,1625.917040224254,12.263576600002123,24.931061599985696,2977.5471179514225,84,13168.0,10,True,True,True,True,True,,,
13,nn_n84_k10_h13_s7,nn,84,10,7,190.8849848865424,160.91150151134576,150.28290921378925,1609.1150151134575,12.263576600002123,0.3402618000400252,3136.659441000267,84,13168.0,10,True,True,True,True,True,,,
13,proposed_n84_k10_h13_s7,proposed,84,10,7,152.65658821729576,164.73434117827043,146.30954394476436,1647.3434117827042,13.203688599984162,968.9183867999818,2917.531110796025,84,13168.0,10,True,True,True,True,True,False,64.0,False
13,pso_n84_k10_h13_s7,pso,84,10,7,183.8528546094929,161.61471453905068,152.12345983569946,1616.147145390507,12.263576600002123,19.27968839998357,3124.2770579067314,84,13168.0,10,True,True,True,True,True,,,
14,aco_n84_k10_h14_s7,aco,84,10,7,145.87480169004527,165.41251983099545,151.9260590272958,1654.1251983099546,11.242489900032524,33.81300179997925,2916.9712455058234,84,13168.0,10,True,True,True,True,True,,,
14,ga_n84_k10_h14_s7,ga,84,10,7,155.27891081026704,164.4721089189733,153.8342456623672,1644.721089189733,11.242489900032524,28.8403091999935,3519.9185965315346,84,13168.0,10,True,True,True,True,True,,,
14,nn_n84_k10_h14_s7,nn,84,10,7,178.75155941927773,162.12484405807223,150.64681701808877,1621.2484405807222,11.242489900032524,0.3313077999628149,2648.977683101421,84,13168.0,10,True,True,True,True,True,,,
14,proposed_n84_k10_h14_s7,proposed,84,10,7,136.4463445623509,166.3553655437649,150.13178108761875,1663.553655437649,10.88334100006614,997.2644114999566,2721.613714871085,84,13168.0,10,True,True,True,True,True,False,64.0,False
14,pso_n84_k10_h14_s7,pso,84,10,7,169.6268949067253,163.03731050932748,151.23013643904517,1630.3731050932747,11.242489900032524,16.620152900053654,2600.366605124086,84,13168.0,10,True,True,True,True,True,,,
15,aco_n84_k10_h15_s7,aco,84,10,7,130.04551618242658,166.99544838175734,155.50765463986212,1669.9544838175734,11.318855200021062,33.79414200002793,2697.3857640826704,84,13168.0,10,True,True,True,True,True,,,
15,ga_n84_k10_h15_s7,ga,84,10,7,146.8831860837677,165.31168139162324,156.54090798241026,1653.1168139162323,11.318855200021062,26.7188442000188,3023.431907618373,84,13168.0,10,True,True,True,True,True,,,
15,nn_n84_k10_h15_s7,nn,84,10,7,164.721928586478,163.5278071413522,152.2731035217558,1635.2780714135222,11.318855200021062,0.3171907999785617,3099.6741389947124,84,13168.0,10,True,True,True,True,True,,,
15,proposed_n84_k10_h15_s7,proposed,84,10,7,124.26745002774076,167.57325499722592,156.4837872508511,1675.7325499722592,11.041106599965133,998.1753734999802,2709.850626131344,84,13168.0,10,True,True,True,True,True,False,64.0,False
15,pso_n84_k10_h15_s7,pso,84,10,7,158.51238907206744,164.14876109279325,155.9942597626976,1641.4876109279326,11.318855200021062,18.676386200007983,3176.7664035937864,84,13168.0,10,True,True,True,True,True,,,
16,aco_n84_k10_h16_s7,aco,84,10,7,154.27245517213285,164.5727544827867,152.3214280084296,1645.7275448278672,11.458562600018922,33.103092600009404,3310.758119815869,84,13168.0,10,True,True,True,True,True,,,
16,ga_n84_k10_h16_s7,ga,84,10,7,166.54275589869258,163.34572441013074,153.27436438382014,1633.4572441013074,11.458562600018922,23.36917000001995,2892.5349145081263,84,13168.0,10,True,True,True,True,True,,,
16,nn_n84_k10_h16_s7,nn,84,10,7,181.0790547304452,161.89209452695547,149.69836929915405,1618.9209452695547,11.458562600018922,0.3493238000082783,3155.0236506776214,84,13168.0,10,True,True,True,True,True,,,
16,proposed_n84_k10_h16_s7,proposed,84,10,7,152.64922096363563,164.73507790363644,152.53918850052395,1647.3507790363644,12.782110600033777,1258.6661773000378,3242.1402649369943,84,13168.0,10,True,True,True,True,True,False,64.0,False
16,pso_n84_k10_h16_s7,pso,84,10,7,176.74484834006114,162.32551516599386,153.06217625456355,1623.2551516599387,11.458562600018922,14.8292427000124,3218.990730920962,84,13168.0,10,True,True,True,True,True,,,
17,aco_n84_k10_h17_s7,aco,84,10,7,140.33660551635555,165.96633944836444,155.0396986682515,1659.6633944836444,11.593711699999403,33.5482653999934,2833.86435558644,84,13168.0,10,True,True,True,True,True,,,
17,ga_n84_k10_h17_s7,ga,84,10,7,153.37899912548343,164.66210008745165,156.762761216125,1646.6210008745163,11.593711699999403,26.9294002999668,2786.211766735251,84,13168.0,10,True,True,True,True,True,,,
17,nn_n84_k10_h17_s7,nn,84,10,7,169.7087933409537,163.02912066590463,152.3682349540771,1630.2912066590463,11.593711699999403,0.3075197999714874,3123.541632227352,84,13168.0,10,True,True,True,True,True,,,
17,proposed_n84_k10_h17_s7,proposed,84,10,7,137.06498528161893,166.2935014718381,151.65884346153464,1662.9350147183811,11.085872000083327,1118.949062300031,2694.594598352648,84,13168.0,10,True,True,True,True,True,False,59.0,True
17,pso_n84_k10_h17_s7,pso,84,10,7,160.6282624666482,163.93717375333517,155.26662707022808,1639.3717375333515,11.593711699999403,17.13739910000004,2611.724225313331,84,13168.0,10,True,True,True,True,True,,,
18,aco_n84_k10_h18_s7,aco,84,10,7,129.8559064326359,167.0144093567364,152.54657273259713,1670.144093567364,11.929769499984104,33.29704440000933,2948.943404112808,84,13168.0,10,True,True,True,True,True,,,
18,ga_n84_k10_h18_s7,ga,84,10,7,137.0169930510861,166.2983006948914,157.78442107402566,1662.983006948914,11.929769499984104,27.270890399988275,2575.791665618115,84,13168.0,10,True,True,True,True,True,,,
18,nn_n84_k10_h18_s7,nn,84,10,7,162.5877766769375,163.74122233230625,153.4387103129418,1637.4122233230626,11.929769499984104,0.3313707999768667,2763.070121171136,84,13168.0,10,True,True,True,True,True,,,
18,proposed_n84_k10_h18_s7,proposed,84,10,7,124.9856170219306,167.50143829780694,148.8873630604579,1675.0143829780695,14.525389099959284,1525.113749400014,2771.5048752969888,84,13168.0,10,True,True,True,True,True,False,58.0,True
18,pso_n84_k10_h18_s7,pso,84,10,7,151.3725203568789,164.8627479643121,156.04400867242313,1648.627479643121,11.929769499984104,19.21482449996984,2569.7103763613227,84,13168.0,10,True,True,True,True,True,,,
19,aco_n84_k10_h19_s7,aco,84,10,7,108.90857313955718,169.1091426860443,158.64348247746824,1691.0914268604429,11.937758399988525,33.37696379999397,2748.705198424921,84,13168.0,10,True,True,True,True,True,,,
19,ga_n84_k10_h19_s7,ga,84,10,7,120.96922882956224,167.90307711704378,157.06132298059882,1679.0307711704377,11.937758399988525,26.043279200035613,2749.5126904185217,84,13168.0,10,True,True,True,True,True,,,
19,nn_n84_k10_h19_s7,nn,84,10,7,132.28440400489956,166.77155959951006,155.85062715396356,1667.7155959951006,11.937758399988525,0.3239667000016197,2679.6773023944447,84,13168.0,10,True,True,True,True,True,,,
19,proposed_n84_k10_h19_s7,proposed,84,10,7,105.48497175604184,169.45150282439582,157.24814228313363,1694.515028243958,14.696739899925888,1151.3542246000145,2716.249098084253,84,13168.0,10,True,True,True,True,True,False,57.0,True
19,pso_n84_k10_h19_s7,pso,84,10,7,128.44271433570552,167.15572856642945,156.5971729173323,1671.5572856642946,11.937758399988525,14.097276599961331,2866.1234351596886,84,13168.0,10,True,True,True,True,True,,,
20,aco_n84_k10_h20_s7,aco,84,10,7,120.75231432956502,167.9247685670435,154.97551383054775,1679.247685670435,11.659191599988844,31.529053800040856,3516.6581778300533,84,13168.0,10,True,True,True,True,True,,,
20,ga_n84_k10_h20_s7,ga,84,10,7,128.02029471086712,167.1979705289133,154.6825004117531,1671.9797052891329,11.659191599988844,30.845740500022657,2826.329492349368,84,13168.0,10,True,True,True,True,True,,,
20,nn_n84_k10_h20_s7,nn,84,10,7,146.0703189138637,165.39296810861362,154.97186664280497,1653.9296810861365,11.659191599988844,0.3598139999667182,2774.6858287791742,84,13168.0,10,True,True,True,True,True,,,
20,proposed_n84_k10_h20_s7,proposed,84,10,7,118.4515033289712,168.15484966710287,156.64403666479308,1681.5484966710287,14.487740800017493,1131.9389639999715,2838.2174071709514,84,13168.0,10,True,True,True,True,True,False,64.0,False
20,pso_n84_k10_h20_s7,pso,84,10,7,140.3474181788881,165.9652581821112,157.54973479525196,1659.652581821112,11.659191599988844,18.564718699955847,2818.372948571722,84,13168.0,10,True,True,True,True,True,,,
21,aco_n84_k10_h21_s7,aco,84,10,7,123.50250049635405,167.6497499503646,155.34465035934716,1676.497499503646,13.1216631999705,35.67880090000108,2913.883970248763,84,13168.0,10,True,True,True,True,True,,,
21,ga_n84_k10_h21_s7,ga,84,10,7,132.43848863350556,166.75615113664944,160.1001280166105,1667.5615113664944,13.1216631999705,28.40144330001204,2578.4640001505786,84,13168.0,10,True,True,True,True,True,,,
21,nn_n84_k10_h21_s7,nn,84,10,7,156.63200397628202,164.3367996023718,156.2637452731825,1643.367996023718,13.1216631999705,0.4004508000216447,2731.453149196342,84,13168.0,10,True,True,True,True,True,,,
21,proposed_n84_k10_h21_s7,proposed,84,10,7,117.54307142909744,168.24569285709026,157.10175668415903,1682.4569285709026,13.8676633000141,1081.9236603999743,3032.243659109259,84,13168.0,10,True,True,True,True,True,False,64.0,False
21,pso_n84_k10_h21_s7,pso,84,10,7,149.9142940055092,165.0085705994491,146.07041021294182,1650.0857059944908,13.1216631999705,20.42160190001596,4062.703665654007,84,13168.0,10,True,True,True,True,True,,,
22,aco_n84_k10_h22_s7,aco,84,10,7,108.54917550614536,169.14508244938548,159.10644815910058,1691.4508244938547,12.921502200013492,34.91099170001689,2756.9800137048805,84,13168.0,10,True,True,True,True,True,,,
22,ga_n84_k10_h22_s7,ga,84,10,7,116.3637966938152,168.3636203306185,157.2468305165542,1683.6362033061848,12.921502200013492,36.74464200000512,2468.429564618661,84,13168.0,10,True,True,True,True,True,,,
22,nn_n84_k10_h22_s7,nn,84,10,7,129.62161686088874,167.03783831391112,153.24101590659862,1670.3783831391113,12.921502200013492,0.3990098999929614,2742.879967815136,84,13168.0,10,True,True,True,True,True,,,
22,proposed_n84_k10_h22_s7,proposed,84,10,7,100.44321963632024,169.95567803636797,155.27939796889618,1699.5567803636798,15.218725299928336,2247.469919999945,2702.697381500869,84,13168.0,10,True,True,True,True,True,False,64.0,False
22,pso_n84_k10_h22_s7,pso,84,10,7,125.75056801174722,167.42494319882528,152.93819421599457,1674.2494319882528,12.921502200013492,18.972395899996627,2884.843250752501,84,13168.0,10,True,True,True,True,True,,,
23,aco_n84_k10_h23_s7,aco,84,10,7,95.50754844443983,170.449245155556,159.51505868146472,1704.49245155556,13.266446999972686,36.13452199997846,2583.9296531597306,84,13168.0,10,True,True,True,True,True,,,
23,ga_n84_k10_h23_s7,ga,84,10,7,107.69341668851546,169.23065833114845,160.4241238318272,1692.3065833114845,13.266446999972686,41.43261700001312,2874.106524142776,84,13168.0,10,True,True,True,True,True,,,
23,nn_n84_k10_h23_s7,nn,84,10,7,122.00708525426636,167.79929147457335,157.70779612335275,1677.9929147457335,13.266446999972686,0.3810355000314303,2924.567044554628,84,13168.0,10,True,True,True,True,True,,,
23,proposed_n84_k10_h23_s7,proposed,84,10,7,91.98111486287608,170.8018885137124,158.99165502149452,1708.018885137124,13.615968300029635,1648.3286537000677,2779.3061415261973,84,13168.0,10,True,True,True,True,True,False,64.0,False
23,pso_n84_k10_h23_s7,pso,84,10,7,117.21621148816746,168.27837885118325,158.47043731518377,1682.7837885118324,13.266446999972686,19.47396639996441,2876.9675130924475,84,13168.0,10,True,True,True,True,True,,,
