epoch,elapsed_s,elapsed_min,traffic_state,traffic_change,center_bins,peak_tt_multiplier,speed_multiplier,recovery_progress,disruption_region_edges,disruption_region_length_km,disruption_region_speed_kmh,affected_edges,affected_length_km,network_speed_kmh_at_start_hour,speed_change_from_previous_pct
0,0.0,0.0,normal,initial,0 12 32 51,1.0,1.0,0.0,2797,105.20811,28.1985908169713,0,0.0,34.78485670281197,0.0
1,60.0,1.0,normal,normal,0 12 32 51,1.0,1.0,0.0,2797,105.20811,28.1985908169713,0,0.0,34.78485670281197,0.0
2,120.0,2.0,normal,normal,0 12 32 51,1.0,1.0,0.0,2797,105.20811,28.1985908169713,0,0.0,34.78485670281197,0.0
3,180.0,3.0,normal,normal,0 12 32 51,1.0,1.0,0.0,2797,105.20811,28.1985908169713,0,0.0,34.78485670281197,0.0
4,240.0,4.0,normal,normal,0 12 32 51,1.0,1.0,0.0,2797,105.20811,28.1985908169713,0,0.0,34.78485670281197,0.0
5,300.0,5.0,normal,normal,0 12 32 51,1.0,1.0,0.0,2797,105.20811,28.1985908169713,0,0.0,34.78485670281197,0.0
6,360.0,6.0,normal,normal,0 12 32 51,1.0,1.0,0.0,2797,105.20811,28.1985908169713,0,0.0,34.78485670281197,0.0
7,420.0,7.0,normal,normal,0 12 32 51,1.0,1.0,0.0,2797,105.20811,28.1985908169713,0,0.0,34.78485670281197,0.0
8,480.0,8.0,normal,normal,0 12 32 51,1.0,1.0,0.0,2797,105.20811,28.1985908169713,0,0.0,34.78485670281197,0.0
9,540.0,9.0,normal,normal,0 12 32 51,1.0,1.0,0.0,2797,105.20811,28.1985908169713,0,0.0,34.78485670281197,0.0
10,600.0,10.0,degrading,degrading,0 12 32 51,1.0,1.0,0.0,2797,105.20811,28.1985908169713,0,0.0,34.78485670281197,0.0
11,660.0,11.0,degrading,degrading,0 12 32 51,1.06951871657754,0.935,0.0,2797,105.20811,26.36568241386817,2797,105.20811,34.58624261731833,-0.570978593330207
12,720.0,12.0,degrading,degrading,0 12 32 51,1.1494252873563218,0.87,0.0,2797,105.20811,24.532774010765035,2797,105.20811,34.365766727216055,-0.6374670198834309
13,780.0,13.0,degrading,degrading,0 12 32 51,1.2422360248447206,0.8049999999999999,0.0,2797,105.20811,22.69986560766189,2797,105.20811,34.11318858383695,-0.7349701968938582
14,840.0,14.0,degrading,degrading,0 12 32 51,1.3513513513513513,0.74,0.0,2797,105.20811,20.866957204558762,2797,105.20811,33.820946324459584,-0.8566840905509299
15,900.0,15.0,degrading,degrading,0 12 32 51,1.4814814814814814,0.675,0.0,2797,105.20811,19.034048801455626,2797,105.20811,33.47890073173456,-1.0113424664219162
16,960.0,16.0,degrading,degrading,0 12 32 51,1.639344262295082,0.61,0.0,2797,105.20811,17.201140398352493,2797,105.20811,33.073134884250216,-1.2120046913599025
17,1020.0,17.0,degrading,degrading,0 12 32 51,1.8348623853211008,0.545,0.0,2797,105.20811,15.368231995249358,2797,105.20811,32.58401405704252,-1.4789067589737859
18,1080.0,18.0,degrading,degrading,0 12 32 51,2.0833333333333335,0.48,0.0,2797,105.20811,13.535323592146224,2797,105.20811,31.982913113523583,-1.8447725392784164
19,1140.0,19.0,degrading,degrading,0 12 32 51,2.409638554216868,0.4149999999999999,0.0,2797,105.20811,11.702415189043085,2797,105.20811,31.226405631426534,-2.3653488955550084
20,1200.0,20.0,disrupted,holding,0 12 32 51,2.857142857142857,0.35,0.0,2797,105.20811,9.869506785939956,2797,105.20811,30.24527695785376,-3.1419840155581524
21,1260.0,21.0,disrupted,disrupted,0 12 32 51,2.857142857142857,0.35,0.0,2797,105.20811,9.869506785939956,2797,105.20811,30.24527695785376,0.0
22,1320.0,22.0,disrupted,disrupted,0 12 32 51,2.857142857142857,0.35,0.0,2797,105.20811,9.869506785939956,2797,105.20811,30.24527695785376,0.0
23,1380.0,23.0,disrupted,disrupted,0 12 32 51,2.857142857142857,0.35,0.0,2797,105.20811,9.869506785939956,2797,105.20811,30.24527695785376,0.0
24,1440.0,24.0,disrupted,disrupted,0 12 32 51,2.857142857142857,0.35,0.0,2797,105.20811,9.869506785939956,2797,105.20811,30.24527695785376,0.0
25,1500.0,25.0,disrupted,disrupted,0 12 32 51,2.857142857142857,0.35,0.0,2797,105.20811,9.869506785939956,2797,105.20811,30.24527695785376,0.0
26,1560.0,26.0,disrupted,disrupted,0 12 32 51,2.857142857142857,0.35,0.0,2797,105.20811,9.869506785939956,2797,105.20811,30.24527695785376,0.0
27,1620.0,27.0,disrupted,disrupted,0 12 32 51,2.857142857142857,0.35,0.0,2797,105.20811,9.869506785939956,2797,105.20811,30.24527695785376,0.0
28,1680.0,28.0,disrupted,disrupted,0 12 32 51,2.857142857142857,0.35,0.0,2797,105.20811,9.869506785939956,2797,105.20811,30.24527695785376,0.0
29,1740.0,29.0,disrupted,disrupted,0 12 32 51,2.857142857142857,0.35,0.0,2797,105.20811,9.869506785939956,2797,105.20811,30.24527695785376,0.0
30,1800.0,30.0,recovering,recovering,0 12 32 51,2.857142857142857,0.35,0.0,2797,105.20811,9.869506785939956,2797,105.20811,30.24527695785376,0.0
31,1860.0,31.0,recovering,recovering,0 12 32 51,2.6595744680851063,0.376,0.04,2797,105.20811,10.60267014718121,2797,105.20811,30.670726715627296,1.4066651079650994
32,1920.0,32.0,recovering,recovering,0 12 32 51,2.4875621890547266,0.40199999999999997,0.08,2797,105.20811,11.335833508422462,2797,105.20811,31.0510110649113,1.2398935076104456
33,1980.0,33.0,recovering,recovering,0 12 32 51,2.336448598130841,0.428,0.12,2797,105.20811,12.068996869663717,2797,105.20811,31.392959580447428,1.1012476045346498
34,2040.0,34.0,recovering,recovering,0 12 32 51,2.2026431718061676,0.45399999999999996,0.16,2797,105.20811,12.802160230904969,2797,105.20811,31.702090954731577,0.9847156127219314
35,2100.0,35.0,recovering,recovering,0 12 32 51,2.0833333333333335,0.48,0.2,2797,105.20811,13.535323592146224,2797,105.20811,31.982913113523583,0.8858158889046175
36,2160.0,36.0,recovering,recovering,0 12 32 51,1.976284584980237,0.506,0.24,2797,105.20811,14.268486953387479,2797,105.20811,32.23914449062352,0.8011508401077672
37,2220.0,37.0,recovering,recovering,0 12 32 51,1.8796992481203008,0.532,0.28,2797,105.20811,15.001650314628732,2797,105.20811,32.47387961181962,0.7281059249707234
38,2280.0,38.0,recovering,recovering,0 12 32 51,1.7921146953405016,0.558,0.32,2797,105.20811,15.734813675869988,2797,105.20811,32.6897146821153,0.6646420842710832
39,2340.0,39.0,recovering,recovering,0 12 32 51,1.7123287671232879,0.584,0.36,2797,105.20811,16.46797703711124,2797,105.20811,32.888844011416055,0.6091497929460399
40,2400.0,40.0,recovering,recovering,0 12 32 51,1.639344262295082,0.61,0.4,2797,105.20811,17.201140398352493,2797,105.20811,33.073134884250216,0.5603446347040686
41,2460.0,41.0,recovering,recovering,0 12 32 51,1.572327044025157,0.636,0.44,2797,105.20811,17.93430375959375,2797,105.20811,33.24418629355876,0.5171913999298727
42,2520.0,42.0,recovering,recovering,0 12 32 51,1.5105740181268883,0.6619999999999999,0.48,2797,105.20811,18.667467120835,2797,105.20811,33.40337545509262,0.47884812137724
43,2580.0,43.0,recovering,recovering,0 12 32 51,1.4534883720930234,0.688,0.52,2797,105.20811,19.400630482076252,2797,105.20811,33.551894968932665,0.4446242687051516
44,2640.0,44.0,recovering,recovering,0 12 32 51,1.400560224089636,0.714,0.56,2797,105.20811,20.133793843317505,2797,105.20811,33.690782751054904,0.41394914430568086
45,2700.0,45.0,recovering,recovering,0 12 32 51,1.3513513513513513,0.74,0.6,2797,105.20811,20.866957204558762,2797,105.20811,33.820946324459584,0.3863477271112137
46,2760.0,46.0,recovering,recovering,0 12 32 51,1.3054830287206267,0.766,0.64,2797,105.20811,21.600120565800015,2797,105.20811,33.943182672163054,0.3614220209298802
47,2820.0,47.0,recovering,recovering,0 12 32 51,1.2626262626262625,0.792,0.68,2797,105.20811,22.333283927041272,2797,105.20811,34.058194570117074,0.3388365170845953
48,2880.0,48.0,recovering,recovering,0 12 32 51,1.2224938875305624,0.818,0.72,2797,105.20811,23.06644728828252,2797,105.20811,34.166604107310576,0.3183067645300852
49,2940.0,49.0,recovering,recovering,0 12 32 51,1.1848341232227486,0.8440000000000001,0.76,2797,105.20811,23.799610649523782,2797,105.20811,34.268963942438084,0.29959030990032165
50,3000.0,50.0,recovering,recovering,0 12 32 51,1.1494252873563218,0.87,0.8,2797,105.20811,24.532774010765035,2797,105.20811,34.365766727216055,0.28247946141755076
51,3060.0,51.0,recovering,recovering,0 12 32 51,1.1160714285714286,0.896,0.84,2797,105.20811,25.265937372006285,2797,105.20811,34.45745303550113,0.26679546833001666
52,3120.0,52.0,recovering,recovering,0 12 32 51,1.0845986984815619,0.922,0.88,2797,105.20811,25.999100733247538,2797,105.20811,34.54441806750724,0.25238380769614377
53,3180.0,53.0,recovering,recovering,0 12 32 51,1.0548523206751055,0.9480000000000001,0.92,2797,105.20811,26.732264094488794,2797,105.20811,34.62701734434191,0.2391103438861064
54,3240.0,54.0,recovering,recovering,0 12 32 51,1.026694045174538,0.974,0.96,2797,105.20811,27.465427455730044,2797,105.20811,34.705571565923464,0.2268581807101322
55,3300.0,55.0,normal,recovered,0 12 32 51,1.0,1.0,1.0,2797,105.20811,28.1985908169713,0,0.0,34.78037077224997,0.21552506687412265
56,3360.0,56.0,normal,normal,0 12 32 51,1.0,1.0,1.0,2797,105.20811,28.1985908169713,0,0.0,34.78037077224997,0.0
57,3420.0,57.0,normal,normal,0 12 32 51,1.0,1.0,1.0,2797,105.20811,28.1985908169713,0,0.0,34.78037077224997,0.0
58,3480.0,58.0,normal,normal,0 12 32 51,1.0,1.0,1.0,2797,105.20811,28.1985908169713,0,0.0,34.78037077224997,0.0
59,3540.0,59.0,normal,normal,0 12 32 51,1.0,1.0,1.0,2797,105.20811,28.1985908169713,0,0.0,34.78037077224997,0.0
60,3600.0,60.0,normal,normal,0 12 32 51,1.0,1.0,1.0,2797,105.20811,30.46437083119037,0,0.0,37.52283759547087,7.8850994464067625
61,3660.0,61.0,normal,normal,0 12 32 51,1.0,1.0,1.0,2797,105.20811,30.46437083119037,0,0.0,37.52283759547087,0.0
62,3720.0,62.0,normal,normal,0 12 32 51,1.0,1.0,1.0,2797,105.20811,30.46437083119037,0,0.0,37.52283759547087,0.0
63,3780.0,63.0,normal,normal,0 12 32 51,1.0,1.0,1.0,2797,105.20811,30.46437083119037,0,0.0,37.52283759547087,0.0
64,3840.0,64.0,normal,normal,0 12 32 51,1.0,1.0,1.0,2797,105.20811,30.46437083119037,0,0.0,37.52283759547087,0.0
65,3900.0,65.0,normal,normal,0 12 32 51,1.0,1.0,1.0,2797,105.20811,30.46437083119037,0,0.0,37.52283759547087,0.0
66,3960.0,66.0,normal,normal,0 12 32 51,1.0,1.0,1.0,2797,105.20811,30.46437083119037,0,0.0,37.52283759547087,0.0
67,4020.0,67.0,normal,normal,0 12 32 51,1.0,1.0,1.0,2797,105.20811,30.46437083119037,0,0.0,37.52283759547087,0.0
68,4080.0,68.0,normal,normal,0 12 32 51,1.0,1.0,1.0,2797,105.20811,30.46437083119037,0,0.0,37.52283759547087,0.0
69,4140.0,69.0,normal,normal,0 12 32 51,1.0,1.0,1.0,2797,105.20811,30.46437083119037,0,0.0,37.52283759547087,0.0
70,4200.0,70.0,normal,normal,0 12 32 51,1.0,1.0,1.0,2797,105.20811,30.46437083119037,0,0.0,37.52283759547087,0.0
71,4260.0,71.0,normal,normal,0 12 32 51,1.0,1.0,1.0,2797,105.20811,30.46437083119037,0,0.0,37.52283759547087,0.0
72,4320.0,72.0,normal,normal,0 12 32 51,1.0,1.0,1.0,2797,105.20811,30.46437083119037,0,0.0,37.52283759547087,0.0
73,4380.0,73.0,normal,normal,0 12 32 51,1.0,1.0,1.0,2797,105.20811,30.46437083119037,0,0.0,37.52283759547087,0.0
74,4440.0,74.0,normal,normal,0 12 32 51,1.0,1.0,1.0,2797,105.20811,30.46437083119037,0,0.0,37.52283759547087,0.0
75,4500.0,75.0,normal,normal,0 12 32 51,1.0,1.0,1.0,2797,105.20811,30.46437083119037,0,0.0,37.52283759547087,0.0
76,4560.0,76.0,normal,normal,0 12 32 51,1.0,1.0,1.0,2797,105.20811,30.46437083119037,0,0.0,37.52283759547087,0.0
77,4620.0,77.0,normal,normal,0 12 32 51,1.0,1.0,1.0,2797,105.20811,30.46437083119037,0,0.0,37.52283759547087,0.0
78,4680.0,78.0,normal,normal,0 12 32 51,1.0,1.0,1.0,2797,105.20811,30.46437083119037,0,0.0,37.52283759547087,0.0
79,4740.0,79.0,normal,normal,0 12 32 51,1.0,1.0,1.0,2797,105.20811,30.46437083119037,0,0.0,37.52283759547087,0.0
80,4800.0,80.0,normal,normal,0 12 32 51,1.0,1.0,1.0,2797,105.20811,30.46437083119037,0,0.0,37.52283759547087,0.0
81,4860.0,81.0,normal,normal,0 12 32 51,1.0,1.0,1.0,2797,105.20811,30.46437083119037,0,0.0,37.52283759547087,0.0
82,4920.0,82.0,normal,normal,0 12 32 51,1.0,1.0,1.0,2797,105.20811,30.46437083119037,0,0.0,37.52283759547087,0.0
83,4980.0,83.0,normal,normal,0 12 32 51,1.0,1.0,1.0,2797,105.20811,30.46437083119037,0,0.0,37.52283759547087,0.0
84,5040.0,84.0,normal,normal,0 12 32 51,1.0,1.0,1.0,2797,105.20811,30.46437083119037,0,0.0,37.52283759547087,0.0
85,5100.0,85.0,normal,normal,0 12 32 51,1.0,1.0,1.0,2797,105.20811,30.46437083119037,0,0.0,37.52283759547087,0.0
86,5160.0,86.0,normal,normal,0 12 32 51,1.0,1.0,1.0,2797,105.20811,30.46437083119037,0,0.0,37.52283759547087,0.0
87,5220.0,87.0,normal,normal,0 12 32 51,1.0,1.0,1.0,2797,105.20811,30.46437083119037,0,0.0,37.52283759547087,0.0
88,5280.0,88.0,normal,normal,0 12 32 51,1.0,1.0,1.0,2797,105.20811,30.46437083119037,0,0.0,37.52283759547087,0.0
89,5340.0,89.0,normal,normal,0 12 32 51,1.0,1.0,1.0,2797,105.20811,30.46437083119037,0,0.0,37.52283759547087,0.0
90,5400.0,90.0,normal,normal,0 12 32 51,1.0,1.0,1.0,2797,105.20811,30.46437083119037,0,0.0,37.52283759547087,0.0
91,5460.0,91.0,normal,normal,0 12 32 51,1.0,1.0,1.0,2797,105.20811,30.46437083119037,0,0.0,37.52283759547087,0.0
92,5520.0,92.0,normal,normal,0 12 32 51,1.0,1.0,1.0,2797,105.20811,30.46437083119037,0,0.0,37.52283759547087,0.0
93,5580.0,93.0,normal,normal,0 12 32 51,1.0,1.0,1.0,2797,105.20811,30.46437083119037,0,0.0,37.52283759547087,0.0
94,5640.0,94.0,normal,normal,0 12 32 51,1.0,1.0,1.0,2797,105.20811,30.46437083119037,0,0.0,37.52283759547087,0.0
95,5700.0,95.0,normal,normal,0 12 32 51,1.0,1.0,1.0,2797,105.20811,30.46437083119037,0,0.0,37.52283759547087,0.0
96,5760.0,96.0,normal,normal,0 12 32 51,1.0,1.0,1.0,2797,105.20811,30.46437083119037,0,0.0,37.52283759547087,0.0
97,5820.0,97.0,normal,normal,0 12 32 51,1.0,1.0,1.0,2797,105.20811,30.46437083119037,0,0.0,37.52283759547087,0.0
98,5880.0,98.0,normal,normal,0 12 32 51,1.0,1.0,1.0,2797,105.20811,30.46437083119037,0,0.0,37.52283759547087,0.0
99,5940.0,99.0,normal,normal,0 12 32 51,1.0,1.0,1.0,2797,105.20811,30.46437083119037,0,0.0,37.52283759547087,0.0
100,6000.0,100.0,normal,normal,0 12 32 51,1.0,1.0,1.0,2797,105.20811,30.46437083119037,0,0.0,37.52283759547087,0.0
101,6060.0,101.0,normal,normal,0 12 32 51,1.0,1.0,1.0,2797,105.20811,30.46437083119037,0,0.0,37.52283759547087,0.0
102,6120.0,102.0,normal,normal,0 12 32 51,1.0,1.0,1.0,2797,105.20811,30.46437083119037,0,0.0,37.52283759547087,0.0
103,6180.0,103.0,normal,normal,0 12 32 51,1.0,1.0,1.0,2797,105.20811,30.46437083119037,0,0.0,37.52283759547087,0.0
104,6240.0,104.0,normal,normal,0 12 32 51,1.0,1.0,1.0,2797,105.20811,30.46437083119037,0,0.0,37.52283759547087,0.0
105,6300.0,105.0,normal,normal,0 12 32 51,1.0,1.0,1.0,2797,105.20811,30.46437083119037,0,0.0,37.52283759547087,0.0
106,6360.0,106.0,normal,normal,0 12 32 51,1.0,1.0,1.0,2797,105.20811,30.46437083119037,0,0.0,37.52283759547087,0.0
107,6420.0,107.0,normal,normal,0 12 32 51,1.0,1.0,1.0,2797,105.20811,30.46437083119037,0,0.0,37.52283759547087,0.0
108,6480.0,108.0,normal,normal,0 12 32 51,1.0,1.0,1.0,2797,105.20811,30.46437083119037,0,0.0,37.52283759547087,0.0
109,6540.0,109.0,normal,normal,0 12 32 51,1.0,1.0,1.0,2797,105.20811,30.46437083119037,0,0.0,37.52283759547087,0.0
110,6600.0,110.0,normal,normal,0 12 32 51,1.0,1.0,1.0,2797,105.20811,30.46437083119037,0,0.0,37.52283759547087,0.0
111,6660.0,111.0,normal,normal,0 12 32 51,1.0,1.0,1.0,2797,105.20811,30.46437083119037,0,0.0,37.52283759547087,0.0
112,6720.0,112.0,normal,normal,0 12 32 51,1.0,1.0,1.0,2797,105.20811,30.46437083119037,0,0.0,37.52283759547087,0.0
113,6780.0,113.0,normal,normal,0 12 32 51,1.0,1.0,1.0,2797,105.20811,30.46437083119037,0,0.0,37.52283759547087,0.0
114,6840.0,114.0,normal,normal,0 12 32 51,1.0,1.0,1.0,2797,105.20811,30.46437083119037,0,0.0,37.52283759547087,0.0
115,6900.0,115.0,normal,normal,0 12 32 51,1.0,1.0,1.0,2797,105.20811,30.46437083119037,0,0.0,37.52283759547087,0.0
116,6960.0,116.0,normal,normal,0 12 32 51,1.0,1.0,1.0,2797,105.20811,30.46437083119037,0,0.0,37.52283759547087,0.0
117,7020.0,117.0,normal,normal,0 12 32 51,1.0,1.0,1.0,2797,105.20811,30.46437083119037,0,0.0,37.52283759547087,0.0
118,7080.0,118.0,normal,normal,0 12 32 51,1.0,1.0,1.0,2797,105.20811,30.46437083119037,0,0.0,37.52283759547087,0.0
119,7140.0,119.0,normal,normal,0 12 32 51,1.0,1.0,1.0,2797,105.20811,30.46437083119037,0,0.0,37.52283759547087,0.0
120,7200.0,120.0,normal,normal,0 12 32 51,1.0,1.0,1.0,2797,105.20811,28.90953986757818,0,0.0,36.05515527688146,-3.91143744087884
